Year,Cluster_ID,Cluster_Name,Cluster_Desc,Country_Count,Countries
2000,C1,核电主导型,平均结构：核电38.6%，煤电21.0%，天然气14.6%，可再生约22.4%。典型为法国、比利时、斯洛伐克等核电占比较高国家。,13,Belgium; Bulgaria; Finland; France; Hungary; Japan; Lithuania; Slovakia; Slovenia; South Korea; Spain; Ukraine; United Kingdom
2000,C2,煤电主导型,平均结构：煤电67.0%，水电9.4%，天然气9.3%。典型为煤电为主的大型经济体或资源型经济体。,23,Australia; Botswana; China; Czechia; Denmark; Germany; Greece; Hong Kong; India; Israel; Kazakhstan; Kosovo; Mongolia; Morocco; Niger (the); North Macedonia; Philippines (the); Poland; Serbia; South Africa; Taiwan; United States of America; Zimbabwe
2000,C3,油电/其他化石垄断型,平均结构：Other Fossil 96.4%，其余几乎可以忽略。多见于柴油/燃油发电占绝对主导的小型经济体或岛屿。,57,"American Samoa; Antigua and Barbuda; Aruba; Bahamas (the); Barbados; Benin; Bermuda; Cabo Verde; Cambodia; Cayman Islands (the); Chad; Comoros (the); Cook Islands (the); Cuba; Cyprus; Djibouti; Dominican Republic (the); Eritrea; Estonia; Falkland Islands (the) [Malvinas]; Gambia (the); Gibraltar; Grenada; Guam; Guinea-Bissau; Guyana; Jamaica; Jordan; Kiribati; Lebanon; Liberia; Macao; Maldives; Malta; Martinique; Mauritania; Montserrat; Nauru; Palestine, State of; Puerto Rico; Saint Helena, Ascension and Tristan da Cunha; Saint Kitts and Nevis; Saint Lucia; Saint Pierre and Miquelon; Senegal; Seychelles; Sierra Leone; Singapore; Solomon Islands; Somalia; Tonga; Turks and Caicos Islands (the); Vanuatu; Virgin Islands (British); Virgin Islands (U.S.); Western Sahara; Yemen"
2000,C4,水电主导多元型,平均结构：水电51.6%，天然气13.6%，煤电12.9%，可再生约64.7%。属于以水电为主、但仍保留部分火电的多元结构。,17,Austria; Bolivia; Bosnia Herzegovina; Canada; Chile; Croatia; Eswatini; Gabon; Korea (the Democratic People's Republic of); Latvia; New Zealand; Portugal; Reunion; Romania; Sweden; Switzerland; Viet Nam
2000,C5,天然气主导混合型,平均结构：天然气50.4%，水电14.7%，Other Fossil 12.7%，煤电10.5%。属于天然气主导但并非单一来源的混合型结构。,16,Argentina; Armenia; Cote d'Ivoire; Egypt; Equatorial Guinea; Indonesia; Iran (Islamic Republic of); Ireland; Italy; Luxembourg; Myanmar; Netherlands; Nigeria; Russian Federation (the); Thailand; Turkey
2000,C6,高水电垄断型,平均结构：水电89.0%，可再生约92.2%。属于几乎由水电支撑的高水电国家。,32,"Albania; Bhutan; Brazil; Burundi; Cameroon; Central African Republic (the); Colombia; Congo (the Democratic Republic of the); Congo (the); Costa Rica; Ethiopia; French Guiana; Georgia; Ghana; Iceland; Kyrgyzstan; Lao People's Democratic Republic (the); Lesotho; Malawi; Mozambique; Namibia; Nepal; Norway; Paraguay; Peru; Suriname; Tajikistan; Tanzania, the United Republic of; Uganda; Uruguay; Venezuela (Bolivarian Republic of); Zambia"
2000,C7,水电—油电双峰型,平均结构：水电50.1%，Other Fossil 41.8%。属于水电与油电并存、两类来源都较重要的双峰型结构。,21,Afghanistan; Angola; Belize; Dominica; Ecuador; El Salvador; Faroe Islands (the); Fiji; Greenland; Guatemala; Guinea; Haiti; Honduras; Madagascar; Panama; Papua New Guinea; Rwanda; Samoa; Sri Lanka; Sudan (the); Togo
2000,C8,油电/其他化石混合型,平均结构：Other Fossil 62.5%，水电12.3%，天然气8.8%，太阳能3.6%。属于油电占主导、但比C3稍多元的结构。,18,Azerbaijan; Burkina Faso; French Polynesia; Guadeloupe; Iraq; Kenya; Kuwait; Libya; Mali; Mauritius; Mexico; New Caledonia; Nicaragua; Pakistan; Saint Vincent and the Grenadines; Sao Tome and Principe; Saudi Arabia; Syrian Arab Republic (the)
2000,C9,高天然气垄断型,平均结构：天然气89.5%，其余来源占比较小。属于高度依赖天然气发电的国家。,14,Algeria; Bahrain; Bangladesh; Belarus; Brunei Darussalam; Malaysia; Moldova; Oman; Qatar; Trinidad and Tobago; Tunisia; Turkmenistan; United Arab Emirates; Uzbekistan
2001,C1,核电主导型,平均结构：核电38.6%，煤电21.0%，天然气14.6%，可再生约22.4%。典型为法国、比利时、斯洛伐克等核电占比较高国家。,13,Belgium; Bulgaria; Finland; France; Hungary; Japan; Lithuania; Slovakia; Slovenia; South Korea; Spain; Ukraine; United Kingdom
2001,C2,煤电主导型,平均结构：煤电67.0%，水电9.4%，天然气9.3%。典型为煤电为主的大型经济体或资源型经济体。,23,Australia; Botswana; China; Czechia; Denmark; Germany; Greece; Hong Kong; India; Israel; Kazakhstan; Kosovo; Mongolia; Morocco; Niger (the); North Macedonia; Philippines (the); Poland; Serbia; South Africa; Taiwan; United States of America; Zimbabwe
2001,C3,油电/其他化石垄断型,平均结构：Other Fossil 96.4%，其余几乎可以忽略。多见于柴油/燃油发电占绝对主导的小型经济体或岛屿。,60,"American Samoa; Antigua and Barbuda; Aruba; Bahamas (the); Barbados; Benin; Bermuda; Burkina Faso; Cabo Verde; Cambodia; Cayman Islands (the); Chad; Comoros (the); Cook Islands (the); Cuba; Cyprus; Djibouti; Dominican Republic (the); Eritrea; Estonia; Falkland Islands (the) [Malvinas]; Gambia (the); Gibraltar; Grenada; Guam; Guinea-Bissau; Guyana; Iraq; Jamaica; Jordan; Kiribati; Lebanon; Liberia; Macao; Maldives; Malta; Martinique; Mauritania; Montserrat; Nauru; Nicaragua; Palestine, State of; Puerto Rico; Saint Helena, Ascension and Tristan da Cunha; Saint Kitts and Nevis; Saint Lucia; Saint Pierre and Miquelon; Sao Tome and Principe; Senegal; Seychelles; Sierra Leone; Solomon Islands; Somalia; Tonga; Turks and Caicos Islands (the); Vanuatu; Virgin Islands (British); Virgin Islands (U.S.); Western Sahara; Yemen"
2001,C4,水电主导多元型,平均结构：水电51.6%，天然气13.6%，煤电12.9%，可再生约64.7%。属于以水电为主、但仍保留部分火电的多元结构。,18,Austria; Bolivia; Bosnia Herzegovina; Canada; Chile; Croatia; Eswatini; Gabon; Korea (the Democratic People's Republic of); Latvia; New Zealand; Portugal; Reunion; Romania; Sweden; Switzerland; Venezuela (Bolivarian Republic of); Viet Nam
2001,C5,天然气主导混合型,平均结构：天然气50.4%，水电14.7%，Other Fossil 12.7%，煤电10.5%。属于天然气主导但并非单一来源的混合型结构。,20,Argentina; Armenia; Azerbaijan; Cote d'Ivoire; Egypt; Equatorial Guinea; Indonesia; Iran (Islamic Republic of); Ireland; Italy; Myanmar; Netherlands; Nigeria; Pakistan; Russian Federation (the); Saudi Arabia; Singapore; Syrian Arab Republic (the); Thailand; Turkey
2001,C6,高水电垄断型,平均结构：水电89.0%，可再生约92.2%。属于几乎由水电支撑的高水电国家。,29,"Afghanistan; Albania; Bhutan; Brazil; Burundi; Cameroon; Colombia; Congo (the Democratic Republic of the); Congo (the); Costa Rica; Ethiopia; Georgia; Ghana; Iceland; Kyrgyzstan; Lao People's Democratic Republic (the); Lesotho; Malawi; Mozambique; Namibia; Nepal; Norway; Paraguay; Peru; Tajikistan; Tanzania, the United Republic of; Uganda; Uruguay; Zambia"
2001,C7,水电—油电双峰型,平均结构：水电50.1%，Other Fossil 41.8%。属于水电与油电并存、两类来源都较重要的双峰型结构。,23,Angola; Belize; Central African Republic (the); Dominica; Ecuador; El Salvador; Fiji; French Guiana; Greenland; Guatemala; Guinea; Haiti; Honduras; Kenya; Madagascar; Panama; Papua New Guinea; Rwanda; Samoa; Sri Lanka; Sudan (the); Suriname; Togo
2001,C8,油电/其他化石混合型,平均结构：Other Fossil 62.5%，水电12.3%，天然气8.8%，太阳能3.6%。属于油电占主导、但比C3稍多元的结构。,10,Faroe Islands (the); French Polynesia; Guadeloupe; Kuwait; Libya; Mali; Mauritius; Mexico; New Caledonia; Saint Vincent and the Grenadines
2001,C9,高天然气垄断型,平均结构：天然气89.5%，其余来源占比较小。属于高度依赖天然气发电的国家。,15,Algeria; Bahrain; Bangladesh; Belarus; Brunei Darussalam; Luxembourg; Malaysia; Moldova; Oman; Qatar; Trinidad and Tobago; Tunisia; Turkmenistan; United Arab Emirates; Uzbekistan
2002,C1,核电主导型,平均结构：核电38.6%，煤电21.0%，天然气14.6%，可再生约22.4%。典型为法国、比利时、斯洛伐克等核电占比较高国家。,15,Armenia; Belgium; Bulgaria; Finland; France; Hungary; Japan; Lithuania; Slovakia; Slovenia; South Korea; Spain; Sweden; Ukraine; United Kingdom
2002,C2,煤电主导型,平均结构：煤电67.0%，水电9.4%，天然气9.3%。典型为煤电为主的大型经济体或资源型经济体。,24,Australia; Botswana; China; Czechia; Denmark; Germany; Greece; Hong Kong; India; Indonesia; Israel; Kazakhstan; Kosovo; Mongolia; Morocco; Niger (the); North Macedonia; Philippines (the); Poland; Serbia; South Africa; Taiwan; United States of America; Zimbabwe
2002,C3,油电/其他化石垄断型,平均结构：Other Fossil 96.4%，其余几乎可以忽略。多见于柴油/燃油发电占绝对主导的小型经济体或岛屿。,58,"American Samoa; Antigua and Barbuda; Aruba; Bahamas (the); Barbados; Benin; Bermuda; Burkina Faso; Cabo Verde; Cambodia; Cayman Islands (the); Chad; Comoros (the); Cook Islands (the); Cuba; Cyprus; Djibouti; Dominican Republic (the); Eritrea; Estonia; Falkland Islands (the) [Malvinas]; Gambia (the); Gibraltar; Grenada; Guam; Guinea-Bissau; Guyana; Iraq; Jamaica; Jordan; Kiribati; Lebanon; Liberia; Macao; Maldives; Malta; Martinique; Mauritania; Montserrat; Nauru; Palestine, State of; Puerto Rico; Saint Helena, Ascension and Tristan da Cunha; Saint Kitts and Nevis; Saint Lucia; Saint Pierre and Miquelon; Senegal; Seychelles; Sierra Leone; Solomon Islands; Somalia; Tonga; Turks and Caicos Islands (the); Vanuatu; Virgin Islands (British); Virgin Islands (U.S.); Western Sahara; Yemen"
2002,C4,水电主导多元型,平均结构：水电51.6%，天然气13.6%，煤电12.9%，可再生约64.7%。属于以水电为主、但仍保留部分火电的多元结构。,16,Austria; Bolivia; Bosnia Herzegovina; Canada; Chile; Croatia; Eswatini; Gabon; Korea (the Democratic People's Republic of); Latvia; New Zealand; Reunion; Romania; Switzerland; Venezuela (Bolivarian Republic of); Viet Nam
2002,C5,天然气主导混合型,平均结构：天然气50.4%，水电14.7%，Other Fossil 12.7%，煤电10.5%。属于天然气主导但并非单一来源的混合型结构。,17,Argentina; Azerbaijan; Cote d'Ivoire; Egypt; Ireland; Italy; Mexico; Myanmar; Netherlands; Nigeria; Pakistan; Portugal; Russian Federation (the); Saudi Arabia; Singapore; Syrian Arab Republic (the); Turkey
2002,C6,高水电垄断型,平均结构：水电89.0%，可再生约92.2%。属于几乎由水电支撑的高水电国家。,28,"Afghanistan; Albania; Bhutan; Brazil; Burundi; Cameroon; Colombia; Congo (the Democratic Republic of the); Congo (the); Costa Rica; Ethiopia; Georgia; Iceland; Kyrgyzstan; Lao People's Democratic Republic (the); Lesotho; Malawi; Mozambique; Namibia; Nepal; Norway; Paraguay; Peru; Tajikistan; Tanzania, the United Republic of; Uganda; Uruguay; Zambia"
2002,C7,水电—油电双峰型,平均结构：水电50.1%，Other Fossil 41.8%。属于水电与油电并存、两类来源都较重要的双峰型结构。,24,Angola; Belize; Central African Republic (the); Dominica; Ecuador; Faroe Islands (the); Fiji; French Guiana; Ghana; Greenland; Guatemala; Guinea; Haiti; Honduras; Kenya; Madagascar; Panama; Papua New Guinea; Rwanda; Samoa; Sri Lanka; Sudan (the); Suriname; Togo
2002,C8,油电/其他化石混合型,平均结构：Other Fossil 62.5%，水电12.3%，天然气8.8%，太阳能3.6%。属于油电占主导、但比C3稍多元的结构。,11,El Salvador; French Polynesia; Guadeloupe; Kuwait; Libya; Mali; Mauritius; New Caledonia; Nicaragua; Saint Vincent and the Grenadines; Sao Tome and Principe
2002,C9,高天然气垄断型,平均结构：天然气89.5%，其余来源占比较小。属于高度依赖天然气发电的国家。,18,Algeria; Bahrain; Bangladesh; Belarus; Brunei Darussalam; Equatorial Guinea; Iran (Islamic Republic of); Luxembourg; Malaysia; Moldova; Oman; Qatar; Thailand; Trinidad and Tobago; Tunisia; Turkmenistan; United Arab Emirates; Uzbekistan
2003,C1,核电主导型,平均结构：核电38.6%，煤电21.0%，天然气14.6%，可再生约22.4%。典型为法国、比利时、斯洛伐克等核电占比较高国家。,15,Armenia; Belgium; Bulgaria; Finland; France; Hungary; Japan; Lithuania; Slovakia; Slovenia; South Korea; Spain; Sweden; Ukraine; United Kingdom
2003,C2,煤电主导型,平均结构：煤电67.0%，水电9.4%，天然气9.3%。典型为煤电为主的大型经济体或资源型经济体。,24,Australia; Bosnia Herzegovina; Botswana; China; Czechia; Denmark; Germany; Greece; Hong Kong; India; Indonesia; Israel; Kazakhstan; Kosovo; Mongolia; Morocco; Niger (the); North Macedonia; Poland; Romania; Serbia; South Africa; Taiwan; United States of America
2003,C3,油电/其他化石垄断型,平均结构：Other Fossil 96.4%，其余几乎可以忽略。多见于柴油/燃油发电占绝对主导的小型经济体或岛屿。,57,"American Samoa; Antigua and Barbuda; Aruba; Bahamas (the); Barbados; Benin; Bermuda; Cabo Verde; Cambodia; Cayman Islands (the); Chad; Comoros (the); Cook Islands (the); Cuba; Cyprus; Djibouti; Eritrea; Estonia; Falkland Islands (the) [Malvinas]; Gambia (the); Gibraltar; Grenada; Guam; Guinea-Bissau; Guyana; Iraq; Jamaica; Jordan; Kiribati; Lebanon; Liberia; Macao; Maldives; Malta; Martinique; Mauritania; Montserrat; Nauru; Palestine, State of; Saint Helena, Ascension and Tristan da Cunha; Saint Kitts and Nevis; Saint Lucia; Saint Pierre and Miquelon; Saint Vincent and the Grenadines; Senegal; Seychelles; Sierra Leone; Solomon Islands; Somalia; Timor-Leste; Tonga; Turks and Caicos Islands (the); Vanuatu; Virgin Islands (British); Virgin Islands (U.S.); Western Sahara; Yemen"
2003,C4,水电主导多元型,平均结构：水电51.6%，天然气13.6%，煤电12.9%，可再生约64.7%。属于以水电为主、但仍保留部分火电的多元结构。,16,Austria; Canada; Chile; Croatia; Eswatini; Gabon; Kenya; Korea (the Democratic People's Republic of); Latvia; New Zealand; Portugal; Reunion; Switzerland; Venezuela (Bolivarian Republic of); Viet Nam; Zimbabwe
2003,C5,天然气主导混合型,平均结构：天然气50.4%，水电14.7%，Other Fossil 12.7%，煤电10.5%。属于天然气主导但并非单一来源的混合型结构。,19,Argentina; Azerbaijan; Bolivia; Cote d'Ivoire; Egypt; Ireland; Italy; Mexico; Myanmar; Netherlands; Nigeria; Pakistan; Philippines (the); Russian Federation (the); Saudi Arabia; Singapore; Syrian Arab Republic (the); Turkey; Uzbekistan
2003,C6,高水电垄断型,平均结构：水电89.0%，可再生约92.2%。属于几乎由水电支撑的高水电国家。,28,"Afghanistan; Albania; Bhutan; Brazil; Burundi; Cameroon; Colombia; Congo (the Democratic Republic of the); Congo (the); Costa Rica; Ethiopia; Georgia; Iceland; Kyrgyzstan; Lao People's Democratic Republic (the); Lesotho; Malawi; Mozambique; Namibia; Nepal; Norway; Paraguay; Peru; Tajikistan; Tanzania, the United Republic of; Uganda; Uruguay; Zambia"
2003,C7,水电—油电双峰型,平均结构：水电50.1%，Other Fossil 41.8%。属于水电与油电并存、两类来源都较重要的双峰型结构。,21,Angola; Belize; Central African Republic (the); Dominica; Ecuador; El Salvador; Fiji; French Guiana; Ghana; Greenland; Guatemala; Guinea; Haiti; Honduras; Madagascar; Panama; Rwanda; Samoa; Sri Lanka; Suriname; Togo
2003,C8,油电/其他化石混合型,平均结构：Other Fossil 62.5%，水电12.3%，天然气8.8%，太阳能3.6%。属于油电占主导、但比C3稍多元的结构。,15,Burkina Faso; Dominican Republic (the); Faroe Islands (the); French Polynesia; Guadeloupe; Kuwait; Libya; Mali; Mauritius; New Caledonia; Nicaragua; Papua New Guinea; Puerto Rico; Sao Tome and Principe; Sudan (the)
2003,C9,高天然气垄断型,平均结构：天然气89.5%，其余来源占比较小。属于高度依赖天然气发电的国家。,17,Algeria; Bahrain; Bangladesh; Belarus; Brunei Darussalam; Equatorial Guinea; Iran (Islamic Republic of); Luxembourg; Malaysia; Moldova; Oman; Qatar; Thailand; Trinidad and Tobago; Tunisia; Turkmenistan; United Arab Emirates
2004,C1,核电主导型,平均结构：核电38.6%，煤电21.0%，天然气14.6%，可再生约22.4%。典型为法国、比利时、斯洛伐克等核电占比较高国家。,14,Armenia; Belgium; Bulgaria; Finland; France; Hungary; Japan; Lithuania; Slovakia; Slovenia; South Korea; Spain; Sweden; Ukraine
2004,C2,煤电主导型,平均结构：煤电67.0%，水电9.4%，天然气9.3%。典型为煤电为主的大型经济体或资源型经济体。,23,Australia; Bosnia Herzegovina; Botswana; China; Czechia; Denmark; Germany; Greece; Hong Kong; India; Indonesia; Israel; Kazakhstan; Kosovo; Mongolia; Morocco; Niger (the); North Macedonia; Poland; Serbia; South Africa; Taiwan; United States of America
2004,C3,油电/其他化石垄断型,平均结构：Other Fossil 96.4%，其余几乎可以忽略。多见于柴油/燃油发电占绝对主导的小型经济体或岛屿。,56,"American Samoa; Antigua and Barbuda; Aruba; Bahamas (the); Barbados; Benin; Bermuda; Cabo Verde; Cambodia; Cayman Islands (the); Chad; Comoros (the); Cook Islands (the); Cuba; Cyprus; Djibouti; Eritrea; Estonia; Falkland Islands (the) [Malvinas]; Gambia (the); Gibraltar; Grenada; Guam; Guinea-Bissau; Guyana; Iraq; Jamaica; Kiribati; Lebanon; Liberia; Libya; Macao; Maldives; Malta; Martinique; Mauritania; Montserrat; Nauru; Palestine, State of; Saint Helena, Ascension and Tristan da Cunha; Saint Kitts and Nevis; Saint Lucia; Saint Pierre and Miquelon; Senegal; Seychelles; Sierra Leone; Solomon Islands; Somalia; Timor-Leste; Tonga; Turks and Caicos Islands (the); Vanuatu; Virgin Islands (British); Virgin Islands (U.S.); Western Sahara; Yemen"
2004,C4,水电主导多元型,平均结构：水电51.6%，天然气13.6%，煤电12.9%，可再生约64.7%。属于以水电为主、但仍保留部分火电的多元结构。,12,Austria; Canada; Chile; Croatia; Eswatini; Gabon; Korea (the Democratic People's Republic of); Latvia; New Zealand; Romania; Switzerland; Zimbabwe
2004,C5,天然气主导混合型,平均结构：天然气50.4%，水电14.7%，Other Fossil 12.7%，煤电10.5%。属于天然气主导但并非单一来源的混合型结构。,23,Argentina; Azerbaijan; Bolivia; Cote d'Ivoire; Iran (Islamic Republic of); Ireland; Italy; Jordan; Malaysia; Mexico; Myanmar; Netherlands; Nigeria; Pakistan; Philippines (the); Portugal; Russian Federation (the); Saudi Arabia; Singapore; Syrian Arab Republic (the); Turkey; United Kingdom; Viet Nam
2004,C6,高水电垄断型,平均结构：水电89.0%，可再生约92.2%。属于几乎由水电支撑的高水电国家。,32,"Afghanistan; Albania; Angola; Bhutan; Brazil; Burundi; Cameroon; Central African Republic (the); Colombia; Congo (the Democratic Republic of the); Congo (the); Costa Rica; Ethiopia; Georgia; Ghana; Iceland; Kyrgyzstan; Lao People's Democratic Republic (the); Lesotho; Malawi; Mozambique; Namibia; Nepal; Norway; Paraguay; Peru; Tajikistan; Tanzania, the United Republic of; Uganda; Uruguay; Venezuela (Bolivarian Republic of); Zambia"
2004,C7,水电—油电双峰型,平均结构：水电50.1%，Other Fossil 41.8%。属于水电与油电并存、两类来源都较重要的双峰型结构。,19,Belize; Ecuador; El Salvador; Faroe Islands (the); Fiji; French Guiana; Greenland; Guatemala; Guinea; Haiti; Kenya; Madagascar; Panama; Reunion; Rwanda; Samoa; Sri Lanka; Suriname; Togo
2004,C8,油电/其他化石混合型,平均结构：Other Fossil 62.5%，水电12.3%，天然气8.8%，太阳能3.6%。属于油电占主导、但比C3稍多元的结构。,16,Burkina Faso; Dominica; Dominican Republic (the); French Polynesia; Guadeloupe; Honduras; Kuwait; Mali; Mauritius; New Caledonia; Nicaragua; Papua New Guinea; Puerto Rico; Saint Vincent and the Grenadines; Sao Tome and Principe; Sudan (the)
2004,C9,高天然气垄断型,平均结构：天然气89.5%，其余来源占比较小。属于高度依赖天然气发电的国家。,17,Algeria; Bahrain; Bangladesh; Belarus; Brunei Darussalam; Egypt; Equatorial Guinea; Luxembourg; Moldova; Oman; Qatar; Thailand; Trinidad and Tobago; Tunisia; Turkmenistan; United Arab Emirates; Uzbekistan
2005,C1,核电主导型,平均结构：核电38.6%，煤电21.0%，天然气14.6%，可再生约22.4%。典型为法国、比利时、斯洛伐克等核电占比较高国家。,16,Armenia; Belgium; Bulgaria; Finland; France; Germany; Hungary; Japan; Lithuania; Slovakia; Slovenia; South Korea; Spain; Sweden; Ukraine; United Kingdom
2005,C2,煤电主导型,平均结构：煤电67.0%，水电9.4%，天然气9.3%。典型为煤电为主的大型经济体或资源型经济体。,22,Australia; Botswana; China; Czechia; Denmark; Greece; Hong Kong; India; Indonesia; Israel; Kazakhstan; Kosovo; Mongolia; Morocco; Niger (the); North Macedonia; Poland; Reunion; Serbia; South Africa; Taiwan; United States of America
2005,C3,油电/其他化石垄断型,平均结构：Other Fossil 96.4%，其余几乎可以忽略。多见于柴油/燃油发电占绝对主导的小型经济体或岛屿。,54,"American Samoa; Antigua and Barbuda; Aruba; Bahamas (the); Barbados; Benin; Bermuda; Cabo Verde; Cambodia; Cayman Islands (the); Chad; Comoros (the); Cook Islands (the); Cuba; Cyprus; Djibouti; Eritrea; Estonia; Falkland Islands (the) [Malvinas]; Gambia (the); Gibraltar; Grenada; Guam; Guinea-Bissau; Guyana; Jamaica; Kiribati; Lebanon; Liberia; Macao; Maldives; Malta; Martinique; Mauritania; Montserrat; Nauru; Palestine, State of; Saint Helena, Ascension and Tristan da Cunha; Saint Kitts and Nevis; Saint Lucia; Saint Pierre and Miquelon; Sao Tome and Principe; Senegal; Seychelles; Solomon Islands; Somalia; Timor-Leste; Tonga; Turks and Caicos Islands (the); Vanuatu; Virgin Islands (British); Virgin Islands (U.S.); Western Sahara; Yemen"
2005,C4,水电主导多元型,平均结构：水电51.6%，天然气13.6%，煤电12.9%，可再生约64.7%。属于以水电为主、但仍保留部分火电的多元结构。,16,"Austria; Bosnia Herzegovina; Canada; Chile; Croatia; Eswatini; Korea (the Democratic People's Republic of); Latvia; Montenegro; Myanmar; New Zealand; Peru; Romania; Switzerland; Tanzania, the United Republic of; Zimbabwe"
2005,C5,天然气主导混合型,平均结构：天然气50.4%，水电14.7%，Other Fossil 12.7%，煤电10.5%。属于天然气主导但并非单一来源的混合型结构。,19,Argentina; Azerbaijan; Bolivia; Iran (Islamic Republic of); Ireland; Italy; Jordan; Malaysia; Mexico; Netherlands; Nigeria; Pakistan; Philippines (the); Portugal; Russian Federation (the); Saudi Arabia; Turkey; Uzbekistan; Viet Nam
2005,C6,高水电垄断型,平均结构：水电89.0%，可再生约92.2%。属于几乎由水电支撑的高水电国家。,30,Afghanistan; Albania; Angola; Bhutan; Brazil; Burundi; Cameroon; Central African Republic (the); Colombia; Congo (the Democratic Republic of the); Congo (the); Costa Rica; Ethiopia; Georgia; Ghana; Iceland; Kyrgyzstan; Lao People's Democratic Republic (the); Lesotho; Malawi; Mozambique; Namibia; Nepal; Norway; Paraguay; Tajikistan; Uganda; Uruguay; Venezuela (Bolivarian Republic of); Zambia
2005,C7,水电—油电双峰型,平均结构：水电50.1%，Other Fossil 41.8%。属于水电与油电并存、两类来源都较重要的双峰型结构。,19,Belize; Ecuador; El Salvador; Faroe Islands (the); Fiji; French Guiana; Gabon; Greenland; Guatemala; Guinea; Haiti; Kenya; Madagascar; Panama; Rwanda; Samoa; Sri Lanka; Suriname; Togo
2005,C8,油电/其他化石混合型,平均结构：Other Fossil 62.5%，水电12.3%，天然气8.8%，太阳能3.6%。属于油电占主导、但比C3稍多元的结构。,19,Burkina Faso; Dominica; Dominican Republic (the); French Polynesia; Guadeloupe; Honduras; Iraq; Kuwait; Libya; Mali; Mauritius; New Caledonia; Nicaragua; Papua New Guinea; Puerto Rico; Saint Vincent and the Grenadines; Sierra Leone; Sudan (the); Syrian Arab Republic (the)
2005,C9,高天然气垄断型,平均结构：天然气89.5%，其余来源占比较小。属于高度依赖天然气发电的国家。,18,Algeria; Bahrain; Bangladesh; Belarus; Brunei Darussalam; Cote d'Ivoire; Egypt; Equatorial Guinea; Luxembourg; Moldova; Oman; Qatar; Singapore; Thailand; Trinidad and Tobago; Tunisia; Turkmenistan; United Arab Emirates
2006,C1,核电主导型,平均结构：核电38.6%，煤电21.0%，天然气14.6%，可再生约22.4%。典型为法国、比利时、斯洛伐克等核电占比较高国家。,16,Armenia; Belgium; Bulgaria; Finland; France; Germany; Hungary; Japan; Lithuania; Slovakia; Slovenia; South Korea; Spain; Sweden; Ukraine; United Kingdom
2006,C2,煤电主导型,平均结构：煤电67.0%，水电9.4%，天然气9.3%。典型为煤电为主的大型经济体或资源型经济体。,24,Australia; Bosnia Herzegovina; Botswana; China; Czechia; Denmark; Greece; Hong Kong; India; Indonesia; Israel; Kazakhstan; Kosovo; Mongolia; Morocco; Niger (the); North Macedonia; Poland; Reunion; Romania; Serbia; South Africa; Taiwan; United States of America
2006,C3,油电/其他化石垄断型,平均结构：Other Fossil 96.4%，其余几乎可以忽略。多见于柴油/燃油发电占绝对主导的小型经济体或岛屿。,56,"American Samoa; Antigua and Barbuda; Aruba; Bahamas (the); Barbados; Benin; Bermuda; Burkina Faso; Cabo Verde; Cambodia; Cayman Islands (the); Chad; Comoros (the); Cook Islands (the); Cuba; Cyprus; Djibouti; Eritrea; Estonia; Falkland Islands (the) [Malvinas]; Gambia (the); Gibraltar; Grenada; Guam; Guinea-Bissau; Guyana; Jamaica; Kiribati; Lebanon; Liberia; Macao; Maldives; Malta; Martinique; Mauritania; Montserrat; Nauru; Palestine, State of; Saint Helena, Ascension and Tristan da Cunha; Saint Kitts and Nevis; Saint Lucia; Saint Pierre and Miquelon; Saint Vincent and the Grenadines; Senegal; Seychelles; Sierra Leone; Solomon Islands; Somalia; Timor-Leste; Tonga; Turks and Caicos Islands (the); Vanuatu; Virgin Islands (British); Virgin Islands (U.S.); Western Sahara; Yemen"
2006,C4,水电主导多元型,平均结构：水电51.6%，天然气13.6%，煤电12.9%，可再生约64.7%。属于以水电为主、但仍保留部分火电的多元结构。,14,Austria; Canada; Chile; Croatia; Eswatini; Gabon; Georgia; Korea (the Democratic People's Republic of); Latvia; Montenegro; Myanmar; New Zealand; Switzerland; Zimbabwe
2006,C5,天然气主导混合型,平均结构：天然气50.4%，水电14.7%，Other Fossil 12.7%，煤电10.5%。属于天然气主导但并非单一来源的混合型结构。,20,"Argentina; Azerbaijan; Bolivia; Iran (Islamic Republic of); Iraq; Ireland; Italy; Jordan; Malaysia; Mexico; Netherlands; Pakistan; Philippines (the); Portugal; Russian Federation (the); Saudi Arabia; Tanzania, the United Republic of; Thailand; Turkey; Viet Nam"
2006,C6,高水电垄断型,平均结构：水电89.0%，可再生约92.2%。属于几乎由水电支撑的高水电国家。,30,Afghanistan; Albania; Angola; Belize; Bhutan; Brazil; Burundi; Cameroon; Central African Republic (the); Colombia; Congo (the Democratic Republic of the); Congo (the); Costa Rica; Ethiopia; French Guiana; Iceland; Kyrgyzstan; Lao People's Democratic Republic (the); Lesotho; Malawi; Mozambique; Namibia; Nepal; Norway; Paraguay; Peru; Tajikistan; Uganda; Venezuela (Bolivarian Republic of); Zambia
2006,C7,水电—油电双峰型,平均结构：水电50.1%，Other Fossil 41.8%。属于水电与油电并存、两类来源都较重要的双峰型结构。,19,Ecuador; El Salvador; Faroe Islands (the); Fiji; French Polynesia; Ghana; Greenland; Guatemala; Guinea; Haiti; Kenya; Madagascar; Panama; Rwanda; Samoa; Sri Lanka; Suriname; Togo; Uruguay
2006,C8,油电/其他化石混合型,平均结构：Other Fossil 62.5%，水电12.3%，天然气8.8%，太阳能3.6%。属于油电占主导、但比C3稍多元的结构。,15,Dominica; Dominican Republic (the); Guadeloupe; Honduras; Kuwait; Libya; Mali; Mauritius; New Caledonia; Nicaragua; Papua New Guinea; Puerto Rico; Sao Tome and Principe; Sudan (the); Syrian Arab Republic (the)
2006,C9,高天然气垄断型,平均结构：天然气89.5%，其余来源占比较小。属于高度依赖天然气发电的国家。,19,Algeria; Bahrain; Bangladesh; Belarus; Brunei Darussalam; Cote d'Ivoire; Egypt; Equatorial Guinea; Luxembourg; Moldova; Nigeria; Oman; Qatar; Singapore; Trinidad and Tobago; Tunisia; Turkmenistan; United Arab Emirates; Uzbekistan
2007,C1,核电主导型,平均结构：核电38.6%，煤电21.0%，天然气14.6%，可再生约22.4%。典型为法国、比利时、斯洛伐克等核电占比较高国家。,14,Armenia; Belgium; Bulgaria; Finland; France; Hungary; Japan; Lithuania; Slovakia; Slovenia; South Korea; Spain; Sweden; Ukraine
2007,C2,煤电主导型,平均结构：煤电67.0%，水电9.4%，天然气9.3%。典型为煤电为主的大型经济体或资源型经济体。,26,Australia; Bosnia Herzegovina; Botswana; China; Czechia; Denmark; Germany; Greece; Hong Kong; India; Indonesia; Israel; Kazakhstan; Kosovo; Mauritius; Mongolia; Morocco; Niger (the); North Macedonia; Poland; Reunion; Romania; Serbia; South Africa; Taiwan; United States of America
2007,C3,油电/其他化石垄断型,平均结构：Other Fossil 96.4%，其余几乎可以忽略。多见于柴油/燃油发电占绝对主导的小型经济体或岛屿。,56,"American Samoa; Antigua and Barbuda; Aruba; Bahamas (the); Barbados; Benin; Bermuda; Burkina Faso; Cabo Verde; Cambodia; Cayman Islands (the); Chad; Comoros (the); Cook Islands (the); Cuba; Cyprus; Djibouti; Dominica; Eritrea; Estonia; Falkland Islands (the) [Malvinas]; Gambia (the); Gibraltar; Grenada; Guam; Guinea-Bissau; Guyana; Jamaica; Kiribati; Lebanon; Liberia; Macao; Maldives; Malta; Martinique; Mauritania; Montserrat; Nauru; Palestine, State of; Saint Helena, Ascension and Tristan da Cunha; Saint Kitts and Nevis; Saint Lucia; Saint Pierre and Miquelon; Saint Vincent and the Grenadines; Senegal; Seychelles; Solomon Islands; Somalia; Timor-Leste; Tonga; Turks and Caicos Islands (the); Vanuatu; Virgin Islands (British); Virgin Islands (U.S.); Western Sahara; Yemen"
2007,C4,水电主导多元型,平均结构：水电51.6%，天然气13.6%，煤电12.9%，可再生约64.7%。属于以水电为主、但仍保留部分火电的多元结构。,14,"Austria; Canada; Chile; Croatia; Eswatini; Korea (the Democratic People's Republic of); Latvia; Montenegro; Myanmar; New Zealand; Peru; Switzerland; Tanzania, the United Republic of; Zimbabwe"
2007,C5,天然气主导混合型,平均结构：天然气50.4%，水电14.7%，Other Fossil 12.7%，煤电10.5%。属于天然气主导但并非单一来源的混合型结构。,19,Argentina; Bolivia; Cote d'Ivoire; Iran (Islamic Republic of); Iraq; Ireland; Italy; Malaysia; Mexico; Netherlands; Pakistan; Philippines (the); Portugal; Russian Federation (the); Saudi Arabia; Thailand; Turkey; United Kingdom; Viet Nam
2007,C6,高水电垄断型,平均结构：水电89.0%，可再生约92.2%。属于几乎由水电支撑的高水电国家。,29,Afghanistan; Albania; Angola; Belize; Bhutan; Brazil; Burundi; Cameroon; Central African Republic (the); Colombia; Congo (the Democratic Republic of the); Congo (the); Costa Rica; Ethiopia; Georgia; Iceland; Kyrgyzstan; Lao People's Democratic Republic (the); Lesotho; Malawi; Mozambique; Namibia; Nepal; Norway; Paraguay; Tajikistan; Uruguay; Venezuela (Bolivarian Republic of); Zambia
2007,C7,水电—油电双峰型,平均结构：水电50.1%，Other Fossil 41.8%。属于水电与油电并存、两类来源都较重要的双峰型结构。,20,Ecuador; El Salvador; Faroe Islands (the); Fiji; French Guiana; French Polynesia; Gabon; Ghana; Greenland; Guatemala; Guinea; Kenya; Madagascar; Panama; Rwanda; Samoa; Sri Lanka; Suriname; Togo; Uganda
2007,C8,油电/其他化石混合型,平均结构：Other Fossil 62.5%，水电12.3%，天然气8.8%，太阳能3.6%。属于油电占主导、但比C3稍多元的结构。,15,Dominican Republic (the); Guadeloupe; Haiti; Honduras; Kuwait; Libya; Mali; New Caledonia; Nicaragua; Papua New Guinea; Puerto Rico; Sao Tome and Principe; Sierra Leone; Sudan (the); Syrian Arab Republic (the)
2007,C9,高天然气垄断型,平均结构：天然气89.5%，其余来源占比较小。属于高度依赖天然气发电的国家。,20,Algeria; Azerbaijan; Bahrain; Bangladesh; Belarus; Brunei Darussalam; Egypt; Equatorial Guinea; Jordan; Luxembourg; Moldova; Nigeria; Oman; Qatar; Singapore; Trinidad and Tobago; Tunisia; Turkmenistan; United Arab Emirates; Uzbekistan
2008,C1,核电主导型,平均结构：核电38.6%，煤电21.0%，天然气14.6%，可再生约22.4%。典型为法国、比利时、斯洛伐克等核电占比较高国家。,15,Armenia; Belgium; Bulgaria; Finland; France; Germany; Hungary; Japan; Lithuania; Romania; Slovakia; Slovenia; South Korea; Sweden; Ukraine
2008,C2,煤电主导型,平均结构：煤电67.0%，水电9.4%，天然气9.3%。典型为煤电为主的大型经济体或资源型经济体。,24,Australia; Bosnia Herzegovina; Botswana; China; Czechia; Denmark; Greece; Hong Kong; India; Indonesia; Israel; Kazakhstan; Kosovo; Mauritius; Mongolia; Morocco; Niger (the); North Macedonia; Poland; Reunion; Serbia; South Africa; Taiwan; United States of America
2008,C3,油电/其他化石垄断型,平均结构：Other Fossil 96.4%，其余几乎可以忽略。多见于柴油/燃油发电占绝对主导的小型经济体或岛屿。,54,"American Samoa; Antigua and Barbuda; Aruba; Bahamas (the); Barbados; Benin; Bermuda; Cabo Verde; Cambodia; Cayman Islands (the); Chad; Comoros (the); Cook Islands (the); Cuba; Cyprus; Djibouti; Dominica; Eritrea; Estonia; Falkland Islands (the) [Malvinas]; Gambia (the); Gibraltar; Grenada; Guam; Guinea-Bissau; Guyana; Jamaica; Kiribati; Lebanon; Liberia; Maldives; Malta; Martinique; Mauritania; Montserrat; Nauru; Palestine, State of; Saint Helena, Ascension and Tristan da Cunha; Saint Kitts and Nevis; Saint Lucia; Saint Pierre and Miquelon; Saint Vincent and the Grenadines; Senegal; Seychelles; Solomon Islands; Somalia; Timor-Leste; Tonga; Turks and Caicos Islands (the); Vanuatu; Virgin Islands (British); Virgin Islands (U.S.); Western Sahara; Yemen"
2008,C4,水电主导多元型,平均结构：水电51.6%，天然气13.6%，煤电12.9%，可再生约64.7%。属于以水电为主、但仍保留部分火电的多元结构。,14,"Afghanistan; Austria; Canada; Croatia; Eswatini; Gabon; Korea (the Democratic People's Republic of); Latvia; Montenegro; Myanmar; New Zealand; Peru; Switzerland; Tanzania, the United Republic of"
2008,C5,天然气主导混合型,平均结构：天然气50.4%，水电14.7%，Other Fossil 12.7%，煤电10.5%。属于天然气主导但并非单一来源的混合型结构。,20,Argentina; Bolivia; Cote d'Ivoire; Equatorial Guinea; Iran (Islamic Republic of); Iraq; Ireland; Italy; Malaysia; Mexico; Netherlands; Pakistan; Philippines (the); Portugal; Russian Federation (the); Saudi Arabia; Spain; Turkey; United Kingdom; Viet Nam
2008,C6,高水电垄断型,平均结构：水电89.0%，可再生约92.2%。属于几乎由水电支撑的高水电国家。,29,Albania; Angola; Belize; Bhutan; Brazil; Burundi; Cameroon; Central African Republic (the); Colombia; Congo (the Democratic Republic of the); Congo (the); Costa Rica; Ethiopia; Georgia; Ghana; Iceland; Kyrgyzstan; Lao People's Democratic Republic (the); Lesotho; Malawi; Mozambique; Namibia; Nepal; Norway; Paraguay; Tajikistan; Venezuela (Bolivarian Republic of); Zambia; Zimbabwe
2008,C7,水电—油电双峰型,平均结构：水电50.1%，Other Fossil 41.8%。属于水电与油电并存、两类来源都较重要的双峰型结构。,21,Chile; Ecuador; El Salvador; Fiji; French Guiana; French Polynesia; Greenland; Guatemala; Guinea; Haiti; Honduras; Kenya; Madagascar; Panama; Rwanda; Samoa; Sri Lanka; Suriname; Togo; Uganda; Uruguay
2008,C8,油电/其他化石混合型,平均结构：Other Fossil 62.5%，水电12.3%，天然气8.8%，太阳能3.6%。属于油电占主导、但比C3稍多元的结构。,16,Burkina Faso; Dominican Republic (the); Faroe Islands (the); Guadeloupe; Kuwait; Libya; Macao; Mali; New Caledonia; Nicaragua; Papua New Guinea; Puerto Rico; Sao Tome and Principe; Sierra Leone; Sudan (the); Syrian Arab Republic (the)
2008,C9,高天然气垄断型,平均结构：天然气89.5%，其余来源占比较小。属于高度依赖天然气发电的国家。,20,Algeria; Azerbaijan; Bahrain; Bangladesh; Belarus; Brunei Darussalam; Egypt; Jordan; Luxembourg; Moldova; Nigeria; Oman; Qatar; Singapore; Thailand; Trinidad and Tobago; Tunisia; Turkmenistan; United Arab Emirates; Uzbekistan
2009,C1,核电主导型,平均结构：核电38.6%，煤电21.0%，天然气14.6%，可再生约22.4%。典型为法国、比利时、斯洛伐克等核电占比较高国家。,15,Armenia; Belgium; Bulgaria; Finland; France; Germany; Hungary; Japan; Lithuania; Romania; Slovakia; Slovenia; South Korea; Ukraine; United States of America
2009,C2,煤电主导型,平均结构：煤电67.0%，水电9.4%，天然气9.3%。典型为煤电为主的大型经济体或资源型经济体。,23,Australia; Bosnia Herzegovina; Botswana; China; Czechia; Denmark; Greece; Hong Kong; India; Indonesia; Israel; Kazakhstan; Kosovo; Mauritius; Mongolia; Morocco; Niger (the); North Macedonia; Poland; Reunion; Serbia; South Africa; Taiwan
2009,C3,油电/其他化石垄断型,平均结构：Other Fossil 96.4%，其余几乎可以忽略。多见于柴油/燃油发电占绝对主导的小型经济体或岛屿。,56,"American Samoa; Antigua and Barbuda; Aruba; Bahamas (the); Barbados; Benin; Bermuda; Burkina Faso; Cabo Verde; Cambodia; Cayman Islands (the); Chad; Comoros (the); Cook Islands (the); Cuba; Cyprus; Djibouti; Dominica; Eritrea; Estonia; Falkland Islands (the) [Malvinas]; Gambia (the); Gibraltar; Grenada; Guam; Guinea-Bissau; Guyana; Jamaica; Kiribati; Lebanon; Liberia; Maldives; Malta; Martinique; Mauritania; Montserrat; Nauru; Palestine, State of; Saint Helena, Ascension and Tristan da Cunha; Saint Kitts and Nevis; Saint Lucia; Saint Pierre and Miquelon; Saint Vincent and the Grenadines; Sao Tome and Principe; Senegal; Seychelles; Solomon Islands; Somalia; Timor-Leste; Tonga; Turks and Caicos Islands (the); Vanuatu; Virgin Islands (British); Virgin Islands (U.S.); Western Sahara; Yemen"
2009,C4,水电主导多元型,平均结构：水电51.6%，天然气13.6%，煤电12.9%，可再生约64.7%。属于以水电为主、但仍保留部分火电的多元结构。,15,"Austria; Canada; Chile; Colombia; Congo (the); Croatia; Eswatini; Gabon; Korea (the Democratic People's Republic of); Latvia; New Zealand; Peru; Sweden; Switzerland; Tanzania, the United Republic of"
2009,C5,天然气主导混合型,平均结构：天然气50.4%，水电14.7%，Other Fossil 12.7%，煤电10.5%。属于天然气主导但并非单一来源的混合型结构。,17,Argentina; Bolivia; Cote d'Ivoire; Iran (Islamic Republic of); Iraq; Ireland; Italy; Malaysia; Mexico; Netherlands; Philippines (the); Portugal; Russian Federation (the); Spain; Turkey; United Kingdom; Viet Nam
2009,C6,高水电垄断型,平均结构：水电89.0%，可再生约92.2%。属于几乎由水电支撑的高水电国家。,30,Afghanistan; Albania; Belize; Bhutan; Brazil; Burundi; Cameroon; Central African Republic (the); Congo (the Democratic Republic of the); Costa Rica; Ethiopia; Georgia; Ghana; Iceland; Kyrgyzstan; Lao People's Democratic Republic (the); Lesotho; Malawi; Montenegro; Mozambique; Myanmar; Namibia; Nepal; Norway; Paraguay; Tajikistan; Togo; Venezuela (Bolivarian Republic of); Zambia; Zimbabwe
2009,C7,水电—油电双峰型,平均结构：水电50.1%，Other Fossil 41.8%。属于水电与油电并存、两类来源都较重要的双峰型结构。,22,Angola; Ecuador; El Salvador; Fiji; French Guiana; French Polynesia; Greenland; Guatemala; Guinea; Honduras; Kenya; Madagascar; Mali; Pakistan; Panama; Rwanda; Samoa; Sri Lanka; Sudan (the); Suriname; Uganda; Uruguay
2009,C8,油电/其他化石混合型,平均结构：Other Fossil 62.5%，水电12.3%，天然气8.8%，太阳能3.6%。属于油电占主导、但比C3稍多元的结构。,14,Dominican Republic (the); Faroe Islands (the); Guadeloupe; Haiti; Kuwait; Libya; Macao; New Caledonia; Nicaragua; Papua New Guinea; Puerto Rico; Saudi Arabia; Sierra Leone; Syrian Arab Republic (the)
2009,C9,高天然气垄断型,平均结构：天然气89.5%，其余来源占比较小。属于高度依赖天然气发电的国家。,21,Algeria; Azerbaijan; Bahrain; Bangladesh; Belarus; Brunei Darussalam; Egypt; Equatorial Guinea; Jordan; Luxembourg; Moldova; Nigeria; Oman; Qatar; Singapore; Thailand; Trinidad and Tobago; Tunisia; Turkmenistan; United Arab Emirates; Uzbekistan
2010,C1,核电主导型,平均结构：核电38.6%，煤电21.0%，天然气14.6%，可再生约22.4%。典型为法国、比利时、斯洛伐克等核电占比较高国家。,13,Armenia; Belgium; Bulgaria; Finland; France; Germany; Hungary; Japan; Romania; Slovakia; Slovenia; South Korea; Ukraine
2010,C2,煤电主导型,平均结构：煤电67.0%，水电9.4%，天然气9.3%。典型为煤电为主的大型经济体或资源型经济体。,23,Australia; Bosnia Herzegovina; Botswana; China; Czechia; Denmark; Greece; Hong Kong; India; Indonesia; Israel; Kazakhstan; Kosovo; Mongolia; Morocco; Niger (the); North Macedonia; Poland; Reunion; Serbia; South Africa; Taiwan; United States of America
2010,C3,油电/其他化石垄断型,平均结构：Other Fossil 96.4%，其余几乎可以忽略。多见于柴油/燃油发电占绝对主导的小型经济体或岛屿。,52,"American Samoa; Antigua and Barbuda; Aruba; Bahamas (the); Barbados; Benin; Bermuda; Cabo Verde; Cambodia; Cayman Islands (the); Chad; Comoros (the); Cook Islands (the); Cuba; Cyprus; Djibouti; Dominica; Eritrea; Estonia; Falkland Islands (the) [Malvinas]; Gambia (the); Gibraltar; Grenada; Guam; Guinea-Bissau; Guyana; Jamaica; Kiribati; Lebanon; Liberia; Maldives; Malta; Martinique; Mauritania; Montserrat; Nauru; Palestine, State of; Saint Helena, Ascension and Tristan da Cunha; Saint Kitts and Nevis; Saint Lucia; Saint Pierre and Miquelon; Sao Tome and Principe; Senegal; Seychelles; Solomon Islands; Somalia; Timor-Leste; Tonga; Turks and Caicos Islands (the); Vanuatu; Virgin Islands (British); Virgin Islands (U.S.)"
2010,C4,水电主导多元型,平均结构：水电51.6%，天然气13.6%，煤电12.9%，可再生约64.7%。属于以水电为主、但仍保留部分火电的多元结构。,23,"Austria; Belize; Canada; Chile; Colombia; Congo (the); Croatia; Eswatini; Gabon; Ghana; Guatemala; Korea (the Democratic People's Republic of); Latvia; Montenegro; Myanmar; New Zealand; Peru; Portugal; Sweden; Switzerland; Tanzania, the United Republic of; Venezuela (Bolivarian Republic of); Zimbabwe"
2010,C5,天然气主导混合型,平均结构：天然气50.4%，水电14.7%，Other Fossil 12.7%，煤电10.5%。属于天然气主导但并非单一来源的混合型结构。,17,Argentina; Bolivia; Cote d'Ivoire; Ireland; Italy; Lithuania; Macao; Malaysia; Mexico; Netherlands; Philippines (the); Russian Federation (the); Spain; Syrian Arab Republic (the); Turkey; United Kingdom; Viet Nam
2010,C6,高水电垄断型,平均结构：水电89.0%，可再生约92.2%。属于几乎由水电支撑的高水电国家。,27,Afghanistan; Albania; Bhutan; Brazil; Burundi; Cameroon; Central African Republic (the); Congo (the Democratic Republic of the); Costa Rica; Ethiopia; Georgia; Guinea; Iceland; Kyrgyzstan; Lao People's Democratic Republic (the); Lesotho; Malawi; Mozambique; Namibia; Nepal; Norway; Paraguay; Sierra Leone; Sudan (the); Tajikistan; Uruguay; Zambia
2010,C7,水电—油电双峰型,平均结构：水电50.1%，Other Fossil 41.8%。属于水电与油电并存、两类来源都较重要的双峰型结构。,18,Angola; Ecuador; El Salvador; Fiji; French Guiana; Greenland; Honduras; Kenya; Madagascar; Mali; Pakistan; Panama; Rwanda; Samoa; Sri Lanka; Suriname; Togo; Uganda
2010,C8,油电/其他化石混合型,平均结构：Other Fossil 62.5%，水电12.3%，天然气8.8%，太阳能3.6%。属于油电占主导、但比C3稍多元的结构。,17,Burkina Faso; Dominican Republic (the); Faroe Islands (the); French Polynesia; Guadeloupe; Haiti; Iraq; Kuwait; Libya; Mauritius; New Caledonia; Nicaragua; Papua New Guinea; Puerto Rico; Saint Vincent and the Grenadines; Saudi Arabia; Yemen
2010,C9,高天然气垄断型,平均结构：天然气89.5%，其余来源占比较小。属于高度依赖天然气发电的国家。,22,Algeria; Azerbaijan; Bahrain; Bangladesh; Belarus; Brunei Darussalam; Egypt; Equatorial Guinea; Iran (Islamic Republic of); Jordan; Luxembourg; Moldova; Nigeria; Oman; Qatar; Singapore; Thailand; Trinidad and Tobago; Tunisia; Turkmenistan; United Arab Emirates; Uzbekistan
2011,C1,核电主导型,平均结构：核电38.6%，煤电21.0%，天然气14.6%，可再生约22.4%。典型为法国、比利时、斯洛伐克等核电占比较高国家。,13,Armenia; Belgium; Finland; France; Hungary; Romania; Slovakia; Slovenia; South Korea; Spain; Sweden; Ukraine; United States of America
2011,C2,煤电主导型,平均结构：煤电67.0%，水电9.4%，天然气9.3%。典型为煤电为主的大型经济体或资源型经济体。,25,Australia; Bosnia Herzegovina; Botswana; Bulgaria; China; Czechia; Denmark; Germany; Greece; Hong Kong; India; Indonesia; Israel; Kazakhstan; Kosovo; Mongolia; Montenegro; Morocco; Niger (the); North Macedonia; Poland; Reunion; Serbia; South Africa; Taiwan
2011,C3,油电/其他化石垄断型,平均结构：Other Fossil 96.4%，其余几乎可以忽略。多见于柴油/燃油发电占绝对主导的小型经济体或岛屿。,52,"American Samoa; Antigua and Barbuda; Aruba; Bahamas (the); Barbados; Benin; Bermuda; Burkina Faso; Cabo Verde; Cambodia; Cayman Islands (the); Chad; Comoros (the); Cook Islands (the); Cuba; Cyprus; Djibouti; Eritrea; Estonia; Gambia (the); Gibraltar; Grenada; Guam; Guinea-Bissau; Guyana; Haiti; Jamaica; Kiribati; Lebanon; Liberia; Maldives; Malta; Martinique; Mauritania; Montserrat; Nauru; Palestine, State of; Saint Helena, Ascension and Tristan da Cunha; Saint Kitts and Nevis; Saint Lucia; Saint Pierre and Miquelon; Sao Tome and Principe; Senegal; Seychelles; Solomon Islands; Somalia; Timor-Leste; Tonga; Turks and Caicos Islands (the); Vanuatu; Virgin Islands (British); Virgin Islands (U.S.)"
2011,C4,水电主导多元型,平均结构：水电51.6%，天然气13.6%，煤电12.9%，可再生约64.7%。属于以水电为主、但仍保留部分火电的多元结构。,14,Austria; Canada; Chile; Congo (the); Croatia; Eswatini; Ghana; Korea (the Democratic People's Republic of); Myanmar; New Zealand; Peru; Switzerland; Viet Nam; Zimbabwe
2011,C5,天然气主导混合型,平均结构：天然气50.4%，水电14.7%，Other Fossil 12.7%，煤电10.5%。属于天然气主导但并非单一来源的混合型结构。,22,"Argentina; Bolivia; Cote d'Ivoire; Gabon; Iran (Islamic Republic of); Ireland; Italy; Japan; Latvia; Libya; Lithuania; Macao; Malaysia; Mexico; Netherlands; Philippines (the); Portugal; Russian Federation (the); Syrian Arab Republic (the); Tanzania, the United Republic of; Turkey; United Kingdom"
2011,C6,高水电垄断型,平均结构：水电89.0%，可再生约92.2%。属于几乎由水电支撑的高水电国家。,30,Afghanistan; Albania; Belize; Bhutan; Brazil; Burundi; Cameroon; Central African Republic (the); Colombia; Congo (the Democratic Republic of the); Costa Rica; Ethiopia; Georgia; Greenland; Guinea; Iceland; Kyrgyzstan; Lao People's Democratic Republic (the); Lesotho; Malawi; Mozambique; Namibia; Nepal; Norway; Paraguay; Sierra Leone; Sudan (the); Tajikistan; Venezuela (Bolivarian Republic of); Zambia
2011,C7,水电—油电双峰型,平均结构：水电50.1%，Other Fossil 41.8%。属于水电与油电并存、两类来源都较重要的双峰型结构。,19,Angola; Ecuador; El Salvador; Fiji; French Guiana; Guatemala; Honduras; Kenya; Madagascar; Mali; Pakistan; Panama; Rwanda; Samoa; Sri Lanka; Suriname; Togo; Uganda; Uruguay
2011,C8,油电/其他化石混合型,平均结构：Other Fossil 62.5%，水电12.3%，天然气8.8%，太阳能3.6%。属于油电占主导、但比C3稍多元的结构。,17,Dominica; Dominican Republic (the); Falkland Islands (the) [Malvinas]; Faroe Islands (the); French Polynesia; Guadeloupe; Iraq; Jordan; Kuwait; Mauritius; New Caledonia; Nicaragua; Papua New Guinea; Puerto Rico; Saint Vincent and the Grenadines; Saudi Arabia; Yemen
2011,C9,高天然气垄断型,平均结构：天然气89.5%，其余来源占比较小。属于高度依赖天然气发电的国家。,20,Algeria; Azerbaijan; Bahrain; Bangladesh; Belarus; Brunei Darussalam; Egypt; Equatorial Guinea; Luxembourg; Moldova; Nigeria; Oman; Qatar; Singapore; Thailand; Trinidad and Tobago; Tunisia; Turkmenistan; United Arab Emirates; Uzbekistan
2012,C1,核电主导型,平均结构：核电38.6%，煤电21.0%，天然气14.6%，可再生约22.4%。典型为法国、比利时、斯洛伐克等核电占比较高国家。,14,Belgium; Bulgaria; Czechia; Finland; France; Hungary; Romania; Slovakia; Slovenia; South Korea; Spain; Ukraine; United Kingdom; United States of America
2012,C2,煤电主导型,平均结构：煤电67.0%，水电9.4%，天然气9.3%。典型为煤电为主的大型经济体或资源型经济体。,24,Australia; Bosnia Herzegovina; Botswana; China; Denmark; Germany; Greece; Hong Kong; India; Indonesia; Israel; Kazakhstan; Kosovo; Mauritius; Mongolia; Morocco; Niger (the); North Macedonia; Philippines (the); Poland; Reunion; Serbia; South Africa; Taiwan
2012,C3,油电/其他化石垄断型,平均结构：Other Fossil 96.4%，其余几乎可以忽略。多见于柴油/燃油发电占绝对主导的小型经济体或岛屿。,52,"American Samoa; Antigua and Barbuda; Aruba; Bahamas (the); Barbados; Benin; Bermuda; Burkina Faso; Cabo Verde; Cayman Islands (the); Chad; Comoros (the); Cook Islands (the); Cuba; Cyprus; Djibouti; Eritrea; Estonia; Gambia (the); Gibraltar; Grenada; Guam; Guinea-Bissau; Guyana; Jamaica; Jordan; Kiribati; Lebanon; Liberia; Maldives; Malta; Martinique; Mauritania; Montserrat; Nauru; Palestine, State of; Saint Helena, Ascension and Tristan da Cunha; Saint Kitts and Nevis; Saint Lucia; Saint Pierre and Miquelon; Sao Tome and Principe; Senegal; Seychelles; Solomon Islands; Somalia; South Sudan; Timor-Leste; Tonga; Turks and Caicos Islands (the); Vanuatu; Virgin Islands (British); Virgin Islands (U.S.)"
2012,C4,水电主导多元型,平均结构：水电51.6%，天然气13.6%，煤电12.9%，可再生约64.7%。属于以水电为主、但仍保留部分火电的多元结构。,20,Austria; Belize; Canada; Chile; Congo (the); Croatia; Eswatini; Ghana; Guatemala; Korea (the Democratic People's Republic of); Latvia; Montenegro; Myanmar; New Zealand; Peru; Sweden; Switzerland; Venezuela (Bolivarian Republic of); Viet Nam; Zimbabwe
2012,C5,天然气主导混合型,平均结构：天然气50.4%，水电14.7%，Other Fossil 12.7%，煤电10.5%。属于天然气主导但并非单一来源的混合型结构。,20,"Argentina; Armenia; Bolivia; Cote d'Ivoire; Gabon; Iran (Islamic Republic of); Ireland; Italy; Japan; Kuwait; Libya; Lithuania; Malaysia; Mexico; Netherlands; Portugal; Russian Federation (the); Syrian Arab Republic (the); Tanzania, the United Republic of; Turkey"
2012,C6,高水电垄断型,平均结构：水电89.0%，可再生约92.2%。属于几乎由水电支撑的高水电国家。,26,Afghanistan; Albania; Bhutan; Brazil; Burundi; Cameroon; Central African Republic (the); Colombia; Congo (the Democratic Republic of the); Costa Rica; Ethiopia; Georgia; Greenland; Iceland; Kyrgyzstan; Lao People's Democratic Republic (the); Lesotho; Malawi; Mozambique; Namibia; Nepal; Norway; Paraguay; Tajikistan; Uganda; Zambia
2012,C7,水电—油电双峰型,平均结构：水电50.1%，Other Fossil 41.8%。属于水电与油电并存、两类来源都较重要的双峰型结构。,19,Angola; Cambodia; Ecuador; El Salvador; Fiji; French Guiana; Guinea; Honduras; Kenya; Madagascar; Mali; Pakistan; Panama; Rwanda; Samoa; Sierra Leone; Sudan (the); Suriname; Uruguay
2012,C8,油电/其他化石混合型,平均结构：Other Fossil 62.5%，水电12.3%，天然气8.8%，太阳能3.6%。属于油电占主导、但比C3稍多元的结构。,18,Dominica; Dominican Republic (the); Falkland Islands (the) [Malvinas]; Faroe Islands (the); French Polynesia; Guadeloupe; Haiti; Iraq; Macao; New Caledonia; Nicaragua; Papua New Guinea; Puerto Rico; Saint Vincent and the Grenadines; Saudi Arabia; Sri Lanka; Togo; Yemen
2012,C9,高天然气垄断型,平均结构：天然气89.5%，其余来源占比较小。属于高度依赖天然气发电的国家。,20,Algeria; Azerbaijan; Bahrain; Bangladesh; Belarus; Brunei Darussalam; Egypt; Equatorial Guinea; Luxembourg; Moldova; Nigeria; Oman; Qatar; Singapore; Thailand; Trinidad and Tobago; Tunisia; Turkmenistan; United Arab Emirates; Uzbekistan
2013,C1,核电主导型,平均结构：核电38.6%，煤电21.0%，天然气14.6%，可再生约22.4%。典型为法国、比利时、斯洛伐克等核电占比较高国家。,15,Belgium; Bulgaria; Czechia; Finland; France; Hungary; Romania; Slovakia; Slovenia; South Korea; Spain; Sweden; Ukraine; United Kingdom; United States of America
2013,C2,煤电主导型,平均结构：煤电67.0%，水电9.4%，天然气9.3%。典型为煤电为主的大型经济体或资源型经济体。,25,Australia; Bosnia Herzegovina; Botswana; Chile; China; Denmark; Germany; Greece; Hong Kong; India; Indonesia; Israel; Kazakhstan; Kosovo; Mauritius; Mongolia; Morocco; Niger (the); North Macedonia; Philippines (the); Poland; Reunion; Serbia; South Africa; Taiwan
2013,C3,油电/其他化石垄断型,平均结构：Other Fossil 96.4%，其余几乎可以忽略。多见于柴油/燃油发电占绝对主导的小型经济体或岛屿。,51,"American Samoa; Antigua and Barbuda; Aruba; Bahamas (the); Barbados; Bermuda; Burkina Faso; Cabo Verde; Cayman Islands (the); Chad; Comoros (the); Cook Islands (the); Cuba; Cyprus; Djibouti; Eritrea; Estonia; Gambia (the); Gibraltar; Grenada; Guam; Guinea-Bissau; Guyana; Haiti; Jamaica; Kiribati; Lebanon; Liberia; Maldives; Malta; Martinique; Montserrat; Nauru; Palestine, State of; Saint Helena, Ascension and Tristan da Cunha; Saint Kitts and Nevis; Saint Lucia; Saint Pierre and Miquelon; Saint Vincent and the Grenadines; Sao Tome and Principe; Senegal; Seychelles; Solomon Islands; Somalia; South Sudan; Timor-Leste; Tonga; Turks and Caicos Islands (the); Vanuatu; Virgin Islands (British); Virgin Islands (U.S.)"
2013,C4,水电主导多元型,平均结构：水电51.6%，天然气13.6%，煤电12.9%，可再生约64.7%。属于以水电为主、但仍保留部分火电的多元结构。,21,Austria; Brazil; Cameroon; Canada; Colombia; Congo (the); Croatia; Eswatini; Gabon; Guatemala; Korea (the Democratic People's Republic of); Latvia; Montenegro; Myanmar; New Zealand; Peru; Portugal; Switzerland; Venezuela (Bolivarian Republic of); Viet Nam; Zimbabwe
2013,C5,天然气主导混合型,平均结构：天然气50.4%，水电14.7%，Other Fossil 12.7%，煤电10.5%。属于天然气主导但并非单一来源的混合型结构。,17,"Argentina; Armenia; Bolivia; Equatorial Guinea; Iran (Islamic Republic of); Ireland; Italy; Japan; Libya; Lithuania; Malaysia; Mexico; Netherlands; Russian Federation (the); Syrian Arab Republic (the); Tanzania, the United Republic of; Turkey"
2013,C6,高水电垄断型,平均结构：水电89.0%，可再生约92.2%。属于几乎由水电支撑的高水电国家。,27,Afghanistan; Albania; Belize; Bhutan; Burundi; Central African Republic (the); Congo (the Democratic Republic of the); Costa Rica; Ethiopia; Georgia; Greenland; Guinea; Iceland; Kyrgyzstan; Lao People's Democratic Republic (the); Lesotho; Malawi; Mozambique; Namibia; Nepal; Norway; Paraguay; Sudan (the); Tajikistan; Uganda; Uruguay; Zambia
2013,C7,水电—油电双峰型,平均结构：水电50.1%，Other Fossil 41.8%。属于水电与油电并存、两类来源都较重要的双峰型结构。,17,Angola; Cambodia; Ecuador; El Salvador; Fiji; French Guiana; Ghana; Honduras; Kenya; Madagascar; Mali; Pakistan; Panama; Rwanda; Sierra Leone; Sri Lanka; Suriname
2013,C8,油电/其他化石混合型,平均结构：Other Fossil 62.5%，水电12.3%，天然气8.8%，太阳能3.6%。属于油电占主导、但比C3稍多元的结构。,20,Benin; Dominica; Dominican Republic (the); Falkland Islands (the) [Malvinas]; Faroe Islands (the); French Polynesia; Guadeloupe; Iraq; Jordan; Kuwait; Macao; Mauritania; New Caledonia; Nicaragua; Papua New Guinea; Puerto Rico; Samoa; Saudi Arabia; Togo; Yemen
2013,C9,高天然气垄断型,平均结构：天然气89.5%，其余来源占比较小。属于高度依赖天然气发电的国家。,20,Algeria; Azerbaijan; Bahrain; Bangladesh; Belarus; Brunei Darussalam; Cote d'Ivoire; Egypt; Luxembourg; Moldova; Nigeria; Oman; Qatar; Singapore; Thailand; Trinidad and Tobago; Tunisia; Turkmenistan; United Arab Emirates; Uzbekistan
2014,C1,核电主导型,平均结构：核电38.6%，煤电21.0%，天然气14.6%，可再生约22.4%。典型为法国、比利时、斯洛伐克等核电占比较高国家。,15,Belgium; Bulgaria; Czechia; Finland; France; Hungary; Romania; Slovakia; Slovenia; South Korea; Spain; Sweden; Ukraine; United Kingdom; United States of America
2014,C2,煤电主导型,平均结构：煤电67.0%，水电9.4%，天然气9.3%。典型为煤电为主的大型经济体或资源型经济体。,23,Australia; Bosnia Herzegovina; Botswana; China; Denmark; Germany; Greece; Hong Kong; India; Indonesia; Kazakhstan; Kosovo; Mauritius; Mongolia; Morocco; Niger (the); North Macedonia; Philippines (the); Poland; Reunion; Serbia; South Africa; Taiwan
2014,C3,油电/其他化石垄断型,平均结构：Other Fossil 96.4%，其余几乎可以忽略。多见于柴油/燃油发电占绝对主导的小型经济体或岛屿。,52,"American Samoa; Antigua and Barbuda; Aruba; Bahamas (the); Barbados; Bermuda; Burkina Faso; Cabo Verde; Cayman Islands (the); Chad; Comoros (the); Cook Islands (the); Cuba; Cyprus; Djibouti; Eritrea; Estonia; Gambia (the); Gibraltar; Grenada; Guam; Guinea-Bissau; Guyana; Haiti; Jamaica; Jordan; Kiribati; Lebanon; Liberia; Maldives; Malta; Martinique; Montserrat; Nauru; Palestine, State of; Saint Helena, Ascension and Tristan da Cunha; Saint Kitts and Nevis; Saint Lucia; Saint Pierre and Miquelon; Saint Vincent and the Grenadines; Sao Tome and Principe; Senegal; Seychelles; Solomon Islands; Somalia; South Sudan; Timor-Leste; Tonga; Turks and Caicos Islands (the); Vanuatu; Virgin Islands (British); Virgin Islands (U.S.)"
2014,C4,水电主导多元型,平均结构：水电51.6%，天然气13.6%，煤电12.9%，可再生约64.7%。属于以水电为主、但仍保留部分火电的多元结构。,23,Austria; Brazil; Cambodia; Cameroon; Canada; Chile; Colombia; Congo (the); Costa Rica; Croatia; Eswatini; Ghana; Guatemala; Korea (the Democratic People's Republic of); Montenegro; Myanmar; New Zealand; Peru; Portugal; Switzerland; Venezuela (Bolivarian Republic of); Viet Nam; Zimbabwe
2014,C5,天然气主导混合型,平均结构：天然气50.4%，水电14.7%，Other Fossil 12.7%，煤电10.5%。属于天然气主导但并非单一来源的混合型结构。,24,"Argentina; Armenia; Bolivia; Cote d'Ivoire; Equatorial Guinea; Gabon; Iran (Islamic Republic of); Ireland; Israel; Italy; Japan; Kuwait; Latvia; Libya; Lithuania; Macao; Malaysia; Mexico; Netherlands; Russian Federation (the); Syrian Arab Republic (the); Tanzania, the United Republic of; Thailand; Turkey"
2014,C6,高水电垄断型,平均结构：水电89.0%，可再生约92.2%。属于几乎由水电支撑的高水电国家。,26,Afghanistan; Albania; Belize; Bhutan; Burundi; Central African Republic (the); Congo (the Democratic Republic of the); Ethiopia; Georgia; Greenland; Iceland; Kyrgyzstan; Lao People's Democratic Republic (the); Lesotho; Malawi; Mozambique; Namibia; Nepal; Norway; Paraguay; Sierra Leone; Sudan (the); Tajikistan; Uganda; Uruguay; Zambia
2014,C7,水电—油电双峰型,平均结构：水电50.1%，Other Fossil 41.8%。属于水电与油电并存、两类来源都较重要的双峰型结构。,15,Angola; Ecuador; El Salvador; Faroe Islands (the); Fiji; French Guiana; Guinea; Kenya; Madagascar; Mali; Pakistan; Panama; Rwanda; Sri Lanka; Togo
2014,C8,油电/其他化石混合型,平均结构：Other Fossil 62.5%，水电12.3%，天然气8.8%，太阳能3.6%。属于油电占主导、但比C3稍多元的结构。,17,Benin; Dominica; Dominican Republic (the); Falkland Islands (the) [Malvinas]; French Polynesia; Guadeloupe; Honduras; Iraq; Mauritania; New Caledonia; Nicaragua; Papua New Guinea; Puerto Rico; Samoa; Saudi Arabia; Suriname; Yemen
2014,C9,高天然气垄断型,平均结构：天然气89.5%，其余来源占比较小。属于高度依赖天然气发电的国家。,18,Algeria; Azerbaijan; Bahrain; Bangladesh; Belarus; Brunei Darussalam; Egypt; Luxembourg; Moldova; Nigeria; Oman; Qatar; Singapore; Trinidad and Tobago; Tunisia; Turkmenistan; United Arab Emirates; Uzbekistan
2015,C1,核电主导型,平均结构：核电38.6%，煤电21.0%，天然气14.6%，可再生约22.4%。典型为法国、比利时、斯洛伐克等核电占比较高国家。,16,Armenia; Belgium; Bulgaria; Czechia; Denmark; Finland; France; Hungary; Romania; Slovakia; Slovenia; South Korea; Spain; Ukraine; United Kingdom; United States of America
2015,C2,煤电主导型,平均结构：煤电67.0%，水电9.4%，天然气9.3%。典型为煤电为主的大型经济体或资源型经济体。,20,Australia; Bosnia Herzegovina; Botswana; China; Germany; Greece; Hong Kong; India; Indonesia; Kazakhstan; Kosovo; Mongolia; Morocco; North Macedonia; Philippines (the); Poland; Reunion; Serbia; South Africa; Taiwan
2015,C3,油电/其他化石垄断型,平均结构：Other Fossil 96.4%，其余几乎可以忽略。多见于柴油/燃油发电占绝对主导的小型经济体或岛屿。,53,"American Samoa; Antigua and Barbuda; Aruba; Bahamas (the); Barbados; Bermuda; Burkina Faso; Cabo Verde; Cayman Islands (the); Chad; Comoros (the); Cook Islands (the); Cuba; Cyprus; Djibouti; Dominica; Eritrea; Estonia; Gambia (the); Gibraltar; Grenada; Guam; Guinea-Bissau; Guyana; Haiti; Jamaica; Kiribati; Lebanon; Liberia; Macao; Maldives; Malta; Martinique; Montserrat; Nauru; Palestine, State of; Saint Helena, Ascension and Tristan da Cunha; Saint Kitts and Nevis; Saint Lucia; Saint Pierre and Miquelon; Saint Vincent and the Grenadines; Sao Tome and Principe; Senegal; Seychelles; Solomon Islands; Somalia; South Sudan; Timor-Leste; Tonga; Turks and Caicos Islands (the); Vanuatu; Virgin Islands (British); Virgin Islands (U.S.)"
2015,C4,水电主导多元型,平均结构：水电51.6%，天然气13.6%，煤电12.9%，可再生约64.7%。属于以水电为主、但仍保留部分火电的多元结构。,24,Austria; Belize; Brazil; Cambodia; Canada; Chile; Colombia; Croatia; Eswatini; Ghana; Guatemala; Kenya; Korea (the Democratic People's Republic of); Montenegro; Myanmar; New Zealand; Peru; Sri Lanka; Sweden; Switzerland; Uruguay; Venezuela (Bolivarian Republic of); Viet Nam; Zimbabwe
2015,C5,天然气主导混合型,平均结构：天然气50.4%，水电14.7%，Other Fossil 12.7%，煤电10.5%。属于天然气主导但并非单一来源的混合型结构。,25,"Argentina; Bolivia; Congo (the); Equatorial Guinea; Gabon; Ireland; Israel; Italy; Japan; Jordan; Kuwait; Latvia; Libya; Lithuania; Luxembourg; Malaysia; Mexico; Netherlands; Pakistan; Portugal; Russian Federation (the); Syrian Arab Republic (the); Tanzania, the United Republic of; Togo; Turkey"
2015,C6,高水电垄断型,平均结构：水电89.0%，可再生约92.2%。属于几乎由水电支撑的高水电国家。,25,Afghanistan; Albania; Bhutan; Burundi; Central African Republic (the); Congo (the Democratic Republic of the); Costa Rica; Ethiopia; Georgia; Greenland; Guinea; Iceland; Kyrgyzstan; Lao People's Democratic Republic (the); Lesotho; Malawi; Mozambique; Namibia; Nepal; Norway; Paraguay; Sierra Leone; Tajikistan; Uganda; Zambia
2015,C7,水电—油电双峰型,平均结构：水电50.1%，Other Fossil 41.8%。属于水电与油电并存、两类来源都较重要的双峰型结构。,11,Angola; Cameroon; Ecuador; Faroe Islands (the); Fiji; French Guiana; Madagascar; Mali; Panama; Rwanda; Sudan (the)
2015,C8,油电/其他化石混合型,平均结构：Other Fossil 62.5%，水电12.3%，天然气8.8%，太阳能3.6%。属于油电占主导、但比C3稍多元的结构。,19,Benin; Dominican Republic (the); El Salvador; Falkland Islands (the) [Malvinas]; French Polynesia; Guadeloupe; Honduras; Iraq; Mauritania; Mauritius; New Caledonia; Nicaragua; Niger (the); Papua New Guinea; Puerto Rico; Samoa; Saudi Arabia; Suriname; Yemen
2015,C9,高天然气垄断型,平均结构：天然气89.5%，其余来源占比较小。属于高度依赖天然气发电的国家。,20,Algeria; Azerbaijan; Bahrain; Bangladesh; Belarus; Brunei Darussalam; Cote d'Ivoire; Egypt; Iran (Islamic Republic of); Moldova; Nigeria; Oman; Qatar; Singapore; Thailand; Trinidad and Tobago; Tunisia; Turkmenistan; United Arab Emirates; Uzbekistan
2016,C1,核电主导型,平均结构：核电38.6%，煤电21.0%，天然气14.6%，可再生约22.4%。典型为法国、比利时、斯洛伐克等核电占比较高国家。,15,Armenia; Belgium; Bulgaria; Denmark; Finland; France; Hungary; Romania; Slovakia; Slovenia; South Korea; Spain; Sweden; Ukraine; United States of America
2016,C2,煤电主导型,平均结构：煤电67.0%，水电9.4%，天然气9.3%。典型为煤电为主的大型经济体或资源型经济体。,22,Australia; Bosnia Herzegovina; Botswana; China; Czechia; Germany; Hong Kong; India; Indonesia; Kazakhstan; Kosovo; Mauritius; Mongolia; Morocco; North Macedonia; Philippines (the); Poland; Reunion; Serbia; South Africa; Taiwan; Zimbabwe
2016,C3,油电/其他化石垄断型,平均结构：Other Fossil 96.4%，其余几乎可以忽略。多见于柴油/燃油发电占绝对主导的小型经济体或岛屿。,53,"American Samoa; Antigua and Barbuda; Aruba; Bahamas (the); Barbados; Benin; Bermuda; Burkina Faso; Cabo Verde; Cayman Islands (the); Chad; Comoros (the); Cook Islands (the); Cuba; Cyprus; Djibouti; Eritrea; Estonia; Gambia (the); Gibraltar; Grenada; Guam; Guinea-Bissau; Guyana; Haiti; Jamaica; Kiribati; Lebanon; Liberia; Macao; Maldives; Malta; Martinique; Montserrat; Nauru; Palestine, State of; Saint Helena, Ascension and Tristan da Cunha; Saint Kitts and Nevis; Saint Lucia; Saint Pierre and Miquelon; Saint Vincent and the Grenadines; Sao Tome and Principe; Senegal; Seychelles; Solomon Islands; Somalia; South Sudan; Timor-Leste; Tonga; Turks and Caicos Islands (the); Vanuatu; Virgin Islands (British); Virgin Islands (U.S.)"
2016,C4,水电主导多元型,平均结构：水电51.6%，天然气13.6%，煤电12.9%，可再生约64.7%。属于以水电为主、但仍保留部分火电的多元结构。,24,Austria; Belize; Brazil; Cambodia; Cameroon; Canada; Chile; Colombia; Croatia; Eswatini; Ghana; Guatemala; Kenya; Korea (the Democratic People's Republic of); Lao People's Democratic Republic (the); Montenegro; Myanmar; New Zealand; Peru; Portugal; Switzerland; Uruguay; Venezuela (Bolivarian Republic of); Viet Nam
2016,C5,天然气主导混合型,平均结构：天然气50.4%，水电14.7%，Other Fossil 12.7%，煤电10.5%。属于天然气主导但并非单一来源的混合型结构。,23,"Argentina; Congo (the); Equatorial Guinea; Gabon; Greece; Ireland; Israel; Italy; Japan; Kuwait; Latvia; Lithuania; Luxembourg; Malaysia; Mexico; Netherlands; Pakistan; Russian Federation (the); Saudi Arabia; Syrian Arab Republic (the); Tanzania, the United Republic of; Turkey; United Kingdom"
2016,C6,高水电垄断型,平均结构：水电89.0%，可再生约92.2%。属于几乎由水电支撑的高水电国家。,22,Afghanistan; Albania; Bhutan; Burundi; Central African Republic (the); Congo (the Democratic Republic of the); Costa Rica; Ethiopia; Georgia; Greenland; Iceland; Kyrgyzstan; Lesotho; Malawi; Mozambique; Namibia; Nepal; Norway; Paraguay; Tajikistan; Uganda; Zambia
2016,C7,水电—油电双峰型,平均结构：水电50.1%，Other Fossil 41.8%。属于水电与油电并存、两类来源都较重要的双峰型结构。,14,Angola; Ecuador; Faroe Islands (the); Fiji; French Guiana; Guinea; Madagascar; Mali; Panama; Rwanda; Sierra Leone; Sri Lanka; Sudan (the); Suriname
2016,C8,油电/其他化石混合型,平均结构：Other Fossil 62.5%，水电12.3%，天然气8.8%，太阳能3.6%。属于油电占主导、但比C3稍多元的结构。,17,Dominica; Dominican Republic (the); El Salvador; Falkland Islands (the) [Malvinas]; French Polynesia; Guadeloupe; Honduras; Iraq; Mauritania; New Caledonia; Nicaragua; Niger (the); Papua New Guinea; Puerto Rico; Samoa; Togo; Yemen
2016,C9,高天然气垄断型,平均结构：天然气89.5%，其余来源占比较小。属于高度依赖天然气发电的国家。,23,Algeria; Azerbaijan; Bahrain; Bangladesh; Belarus; Bolivia; Brunei Darussalam; Cote d'Ivoire; Egypt; Iran (Islamic Republic of); Jordan; Libya; Moldova; Nigeria; Oman; Qatar; Singapore; Thailand; Trinidad and Tobago; Tunisia; Turkmenistan; United Arab Emirates; Uzbekistan
2017,C1,核电主导型,平均结构：核电38.6%，煤电21.0%，天然气14.6%，可再生约22.4%。典型为法国、比利时、斯洛伐克等核电占比较高国家。,17,Armenia; Belgium; Bulgaria; Czechia; Denmark; Finland; France; Germany; Hungary; Romania; Slovakia; Slovenia; South Korea; Spain; Sweden; Ukraine; United States of America
2017,C2,煤电主导型,平均结构：煤电67.0%，水电9.4%，天然气9.3%。典型为煤电为主的大型经济体或资源型经济体。,21,Australia; Bosnia Herzegovina; Botswana; Cambodia; China; Hong Kong; India; Indonesia; Kazakhstan; Kosovo; Mauritius; Mongolia; Montenegro; Morocco; North Macedonia; Philippines (the); Poland; Reunion; Serbia; South Africa; Taiwan
2017,C3,油电/其他化石垄断型,平均结构：Other Fossil 96.4%，其余几乎可以忽略。多见于柴油/燃油发电占绝对主导的小型经济体或岛屿。,49,"American Samoa; Antigua and Barbuda; Aruba; Bahamas (the); Barbados; Bermuda; Burkina Faso; Cabo Verde; Cayman Islands (the); Chad; Comoros (the); Cuba; Cyprus; Djibouti; Eritrea; Estonia; Falkland Islands (the) [Malvinas]; Gambia (the); Gibraltar; Grenada; Guam; Guinea-Bissau; Guyana; Haiti; Kiribati; Lebanon; Liberia; Maldives; Martinique; Montserrat; Nauru; Palestine, State of; Saint Helena, Ascension and Tristan da Cunha; Saint Kitts and Nevis; Saint Lucia; Saint Pierre and Miquelon; Saint Vincent and the Grenadines; Sao Tome and Principe; Senegal; Seychelles; Solomon Islands; Somalia; South Sudan; Timor-Leste; Tonga; Turks and Caicos Islands (the); Vanuatu; Virgin Islands (British); Virgin Islands (U.S.)"
2017,C4,水电主导多元型,平均结构：水电51.6%，天然气13.6%，煤电12.9%，可再生约64.7%。属于以水电为主、但仍保留部分火电的多元结构。,21,Austria; Belize; Brazil; Cameroon; Canada; Chile; Croatia; Eswatini; Ghana; Guatemala; Korea (the Democratic People's Republic of); Lao People's Democratic Republic (the); Latvia; Myanmar; New Zealand; Peru; Switzerland; Uruguay; Venezuela (Bolivarian Republic of); Viet Nam; Zimbabwe
2017,C5,天然气主导混合型,平均结构：天然气50.4%，水电14.7%，Other Fossil 12.7%，煤电10.5%。属于天然气主导但并非单一来源的混合型结构。,26,"Argentina; Congo (the); Equatorial Guinea; Gabon; Greece; Ireland; Israel; Italy; Japan; Kuwait; Libya; Lithuania; Luxembourg; Macao; Malaysia; Mexico; Netherlands; Pakistan; Portugal; Russian Federation (the); Saudi Arabia; Syrian Arab Republic (the); Tanzania, the United Republic of; Thailand; Turkey; United Kingdom"
2017,C6,高水电垄断型,平均结构：水电89.0%，可再生约92.2%。属于几乎由水电支撑的高水电国家。,23,Afghanistan; Albania; Bhutan; Central African Republic (the); Colombia; Congo (the Democratic Republic of the); Costa Rica; Ecuador; Ethiopia; Georgia; Greenland; Iceland; Kyrgyzstan; Lesotho; Malawi; Mozambique; Namibia; Nepal; Norway; Paraguay; Tajikistan; Uganda; Zambia
2017,C7,水电—油电双峰型,平均结构：水电50.1%，Other Fossil 41.8%。属于水电与油电并存、两类来源都较重要的双峰型结构。,17,Angola; Burundi; El Salvador; Faroe Islands (the); Fiji; French Guiana; Guinea; Honduras; Kenya; Madagascar; Mali; Panama; Rwanda; Sierra Leone; Sri Lanka; Sudan (the); Suriname
2017,C8,油电/其他化石混合型,平均结构：Other Fossil 62.5%，水电12.3%，天然气8.8%，太阳能3.6%。属于油电占主导、但比C3稍多元的结构。,17,Benin; Cook Islands (the); Dominica; Dominican Republic (the); French Polynesia; Guadeloupe; Iraq; Jamaica; Mauritania; New Caledonia; Nicaragua; Niger (the); Papua New Guinea; Puerto Rico; Samoa; Togo; Yemen
2017,C9,高天然气垄断型,平均结构：天然气89.5%，其余来源占比较小。属于高度依赖天然气发电的国家。,22,Algeria; Azerbaijan; Bahrain; Bangladesh; Belarus; Bolivia; Brunei Darussalam; Cote d'Ivoire; Egypt; Iran (Islamic Republic of); Jordan; Malta; Moldova; Nigeria; Oman; Qatar; Singapore; Trinidad and Tobago; Tunisia; Turkmenistan; United Arab Emirates; Uzbekistan
2018,C1,核电主导型,平均结构：核电38.6%，煤电21.0%，天然气14.6%，可再生约22.4%。典型为法国、比利时、斯洛伐克等核电占比较高国家。,16,Belgium; Bulgaria; Czechia; Denmark; Finland; France; Germany; Hungary; Romania; Slovakia; Slovenia; South Korea; Spain; Sweden; Ukraine; United States of America
2018,C2,煤电主导型,平均结构：煤电67.0%，水电9.4%，天然气9.3%。典型为煤电为主的大型经济体或资源型经济体。,19,Australia; Bosnia Herzegovina; Botswana; China; Hong Kong; India; Indonesia; Kazakhstan; Kosovo; Malaysia; Mongolia; Morocco; North Macedonia; Philippines (the); Poland; Reunion; Serbia; South Africa; Taiwan
2018,C3,油电/其他化石垄断型,平均结构：Other Fossil 96.4%，其余几乎可以忽略。多见于柴油/燃油发电占绝对主导的小型经济体或岛屿。,47,"American Samoa; Antigua and Barbuda; Aruba; Bahamas (the); Barbados; Bermuda; Burkina Faso; Cabo Verde; Cayman Islands (the); Chad; Comoros (the); Cuba; Cyprus; Djibouti; Dominica; Eritrea; Estonia; Falkland Islands (the) [Malvinas]; Gambia (the); Gibraltar; Grenada; Guam; Guinea-Bissau; Guyana; Haiti; Kiribati; Lebanon; Maldives; Martinique; Montserrat; Nauru; Palestine, State of; Saint Helena, Ascension and Tristan da Cunha; Saint Kitts and Nevis; Saint Lucia; Saint Pierre and Miquelon; Saint Vincent and the Grenadines; Sao Tome and Principe; Seychelles; Solomon Islands; Somalia; South Sudan; Timor-Leste; Tonga; Turks and Caicos Islands (the); Virgin Islands (British); Virgin Islands (U.S.)"
2018,C4,水电主导多元型,平均结构：水电51.6%，天然气13.6%，煤电12.9%，可再生约64.7%。属于以水电为主、但仍保留部分火电的多元结构。,26,Austria; Belize; Brazil; Cambodia; Cameroon; Canada; Chile; Croatia; Eswatini; Gabon; Ghana; Guatemala; Kenya; Korea (the Democratic People's Republic of); Lao People's Democratic Republic (the); Lithuania; Montenegro; Myanmar; New Zealand; Peru; Sri Lanka; Switzerland; Uruguay; Venezuela (Bolivarian Republic of); Viet Nam; Zimbabwe
2018,C5,天然气主导混合型,平均结构：天然气50.4%，水电14.7%，Other Fossil 12.7%，煤电10.5%。属于天然气主导但并非单一来源的混合型结构。,29,"Argentina; Armenia; Bolivia; Congo (the); Cote d'Ivoire; Equatorial Guinea; Greece; Iraq; Ireland; Israel; Italy; Japan; Kuwait; Latvia; Libya; Luxembourg; Macao; Mexico; Netherlands; Pakistan; Portugal; Russian Federation (the); Saudi Arabia; Syrian Arab Republic (the); Tanzania, the United Republic of; Thailand; Togo; Turkey; United Kingdom"
2018,C6,高水电垄断型,平均结构：水电89.0%，可再生约92.2%。属于几乎由水电支撑的高水电国家。,25,Afghanistan; Albania; Angola; Bhutan; Central African Republic (the); Colombia; Congo (the Democratic Republic of the); Costa Rica; Ecuador; Ethiopia; Georgia; Greenland; Iceland; Kyrgyzstan; Lesotho; Malawi; Mozambique; Namibia; Nepal; Norway; Panama; Paraguay; Tajikistan; Uganda; Zambia
2018,C7,水电—油电双峰型,平均结构：水电50.1%，Other Fossil 41.8%。属于水电与油电并存、两类来源都较重要的双峰型结构。,13,Burundi; El Salvador; Faroe Islands (the); Fiji; French Guiana; Guinea; Honduras; Madagascar; Mali; Rwanda; Sierra Leone; Sudan (the); Suriname
2018,C8,油电/其他化石混合型,平均结构：Other Fossil 62.5%，水电12.3%，天然气8.8%，太阳能3.6%。属于油电占主导、但比C3稍多元的结构。,18,Benin; Cook Islands (the); Dominican Republic (the); French Polynesia; Guadeloupe; Jamaica; Liberia; Mauritania; Mauritius; New Caledonia; Nicaragua; Niger (the); Papua New Guinea; Puerto Rico; Samoa; Senegal; Vanuatu; Yemen
2018,C9,高天然气垄断型,平均结构：天然气89.5%，其余来源占比较小。属于高度依赖天然气发电的国家。,20,Algeria; Azerbaijan; Bahrain; Bangladesh; Belarus; Brunei Darussalam; Egypt; Iran (Islamic Republic of); Jordan; Malta; Moldova; Nigeria; Oman; Qatar; Singapore; Trinidad and Tobago; Tunisia; Turkmenistan; United Arab Emirates; Uzbekistan
2019,C1,核电主导型,平均结构：核电38.6%，煤电21.0%，天然气14.6%，可再生约22.4%。典型为法国、比利时、斯洛伐克等核电占比较高国家。,15,Belgium; Bulgaria; Czechia; Denmark; Finland; France; Germany; Hungary; Romania; Slovakia; Slovenia; South Korea; Spain; Sweden; Ukraine
2019,C2,煤电主导型,平均结构：煤电67.0%，水电9.4%，天然气9.3%。典型为煤电为主的大型经济体或资源型经济体。,19,Australia; Bosnia Herzegovina; Botswana; China; Hong Kong; India; Indonesia; Kazakhstan; Kosovo; Mongolia; Morocco; New Caledonia; North Macedonia; Philippines (the); Poland; Serbia; South Africa; Taiwan; Viet Nam
2019,C3,油电/其他化石垄断型,平均结构：Other Fossil 96.4%，其余几乎可以忽略。多见于柴油/燃油发电占绝对主导的小型经济体或岛屿。,43,"American Samoa; Antigua and Barbuda; Aruba; Bahamas (the); Barbados; Bermuda; Burkina Faso; Cabo Verde; Cayman Islands (the); Chad; Comoros (the); Cuba; Cyprus; Djibouti; Dominica; Eritrea; Falkland Islands (the) [Malvinas]; Gambia (the); Grenada; Guam; Guinea-Bissau; Guyana; Haiti; Lebanon; Maldives; Montserrat; Nauru; Palestine, State of; Saint Helena, Ascension and Tristan da Cunha; Saint Kitts and Nevis; Saint Lucia; Saint Pierre and Miquelon; Saint Vincent and the Grenadines; Sao Tome and Principe; Seychelles; Solomon Islands; Somalia; South Sudan; Timor-Leste; Tonga; Turks and Caicos Islands (the); Virgin Islands (British); Virgin Islands (U.S.)"
2019,C4,水电主导多元型,平均结构：水电51.6%，天然气13.6%，煤电12.9%，可再生约64.7%。属于以水电为主、但仍保留部分火电的多元结构。,26,Austria; Belize; Brazil; Cambodia; Cameroon; Canada; Chile; Colombia; Croatia; Eswatini; Gabon; Guatemala; Kenya; Korea (the Democratic People's Republic of); Lao People's Democratic Republic (the); Montenegro; Myanmar; New Zealand; Panama; Peru; Rwanda; Switzerland; Turkey; Uruguay; Venezuela (Bolivarian Republic of); Zimbabwe
2019,C5,天然气主导混合型,平均结构：天然气50.4%，水电14.7%，Other Fossil 12.7%，煤电10.5%。属于天然气主导但并非单一来源的混合型结构。,32,"Argentina; Armenia; Benin; Bolivia; Congo (the); Cote d'Ivoire; Equatorial Guinea; Ghana; Greece; Iraq; Ireland; Israel; Italy; Japan; Kuwait; Latvia; Libya; Lithuania; Luxembourg; Macao; Malaysia; Mexico; Netherlands; Pakistan; Portugal; Puerto Rico; Russian Federation (the); Saudi Arabia; Tanzania, the United Republic of; Thailand; United Kingdom; United States of America"
2019,C6,高水电垄断型,平均结构：水电89.0%，可再生约92.2%。属于几乎由水电支撑的高水电国家。,24,Afghanistan; Albania; Angola; Bhutan; Central African Republic (the); Congo (the Democratic Republic of the); Costa Rica; Ecuador; Ethiopia; Georgia; Greenland; Iceland; Kyrgyzstan; Lesotho; Malawi; Mozambique; Namibia; Nepal; Norway; Paraguay; Sierra Leone; Tajikistan; Uganda; Zambia
2019,C7,水电—油电双峰型,平均结构：水电50.1%，Other Fossil 41.8%。属于水电与油电并存、两类来源都较重要的双峰型结构。,10,Burundi; El Salvador; Fiji; French Guiana; Guinea; Madagascar; Mali; Sri Lanka; Sudan (the); Suriname
2019,C8,油电/其他化石混合型,平均结构：Other Fossil 62.5%，水电12.3%，天然气8.8%，太阳能3.6%。属于油电占主导、但比C3稍多元的结构。,23,Cook Islands (the); Dominican Republic (the); Estonia; Faroe Islands (the); French Polynesia; Gibraltar; Guadeloupe; Honduras; Jamaica; Kiribati; Liberia; Martinique; Mauritania; Mauritius; Nicaragua; Niger (the); Papua New Guinea; Reunion; Samoa; Senegal; Syrian Arab Republic (the); Vanuatu; Yemen
2019,C9,高天然气垄断型,平均结构：天然气89.5%，其余来源占比较小。属于高度依赖天然气发电的国家。,21,Algeria; Azerbaijan; Bahrain; Bangladesh; Belarus; Brunei Darussalam; Egypt; Iran (Islamic Republic of); Jordan; Malta; Moldova; Nigeria; Oman; Qatar; Singapore; Togo; Trinidad and Tobago; Tunisia; Turkmenistan; United Arab Emirates; Uzbekistan
2020,C1,核电主导型,平均结构：核电38.6%，煤电21.0%，天然气14.6%，可再生约22.4%。典型为法国、比利时、斯洛伐克等核电占比较高国家。,14,Belgium; Bulgaria; Czechia; Denmark; Finland; France; Germany; Hungary; Romania; Slovakia; Slovenia; South Korea; Spain; Ukraine
2020,C2,煤电主导型,平均结构：煤电67.0%，水电9.4%，天然气9.3%。典型为煤电为主的大型经济体或资源型经济体。,22,Australia; Bosnia Herzegovina; Botswana; China; India; Indonesia; Kazakhstan; Kosovo; Malaysia; Mauritius; Mongolia; Morocco; New Caledonia; North Macedonia; Philippines (the); Poland; Reunion; Serbia; South Africa; Sri Lanka; Taiwan; Viet Nam
2020,C3,油电/其他化石垄断型,平均结构：Other Fossil 96.4%，其余几乎可以忽略。多见于柴油/燃油发电占绝对主导的小型经济体或岛屿。,45,"American Samoa; Antigua and Barbuda; Aruba; Bahamas (the); Barbados; Bermuda; Burkina Faso; Cabo Verde; Cayman Islands (the); Chad; Comoros (the); Cuba; Cyprus; Djibouti; Dominica; Eritrea; Falkland Islands (the) [Malvinas]; Gambia (the); Grenada; Guam; Guinea-Bissau; Guyana; Haiti; Lebanon; Maldives; Martinique; Montserrat; Nauru; Palestine, State of; Saint Helena, Ascension and Tristan da Cunha; Saint Kitts and Nevis; Saint Lucia; Saint Pierre and Miquelon; Saint Vincent and the Grenadines; Sao Tome and Principe; Senegal; Seychelles; Solomon Islands; Somalia; South Sudan; Timor-Leste; Tonga; Turks and Caicos Islands (the); Virgin Islands (British); Virgin Islands (U.S.)"
2020,C4,水电主导多元型,平均结构：水电51.6%，天然气13.6%，煤电12.9%，可再生约64.7%。属于以水电为主、但仍保留部分火电的多元结构。,28,Austria; Belize; Brazil; Cambodia; Cameroon; Canada; Chile; Colombia; Croatia; El Salvador; Eswatini; Gabon; Guatemala; Kenya; Korea (the Democratic People's Republic of); Lao People's Democratic Republic (the); Latvia; Montenegro; Myanmar; New Zealand; Panama; Peru; Rwanda; Sweden; Switzerland; Turkey; Uruguay; Zimbabwe
2020,C5,天然气主导混合型,平均结构：天然气50.4%，水电14.7%，Other Fossil 12.7%，煤电10.5%。属于天然气主导但并非单一来源的混合型结构。,30,"Argentina; Armenia; Bolivia; Congo (the); Cote d'Ivoire; Dominican Republic (the); Equatorial Guinea; Ghana; Greece; Hong Kong; Iraq; Ireland; Israel; Italy; Jamaica; Japan; Kuwait; Lithuania; Luxembourg; Macao; Mexico; Netherlands; Pakistan; Portugal; Russian Federation (the); Saudi Arabia; Tanzania, the United Republic of; Thailand; United Kingdom; United States of America"
2020,C6,高水电垄断型,平均结构：水电89.0%，可再生约92.2%。属于几乎由水电支撑的高水电国家。,26,Afghanistan; Albania; Angola; Bhutan; Burundi; Central African Republic (the); Congo (the Democratic Republic of the); Costa Rica; Ecuador; Ethiopia; Georgia; Greenland; Iceland; Kyrgyzstan; Lesotho; Malawi; Mozambique; Namibia; Nepal; Norway; Paraguay; Sierra Leone; Tajikistan; Uganda; Venezuela (Bolivarian Republic of); Zambia
2020,C7,水电—油电双峰型,平均结构：水电50.1%，Other Fossil 41.8%。属于水电与油电并存、两类来源都较重要的双峰型结构。,7,Fiji; French Guiana; Guinea; Madagascar; Mali; Sudan (the); Suriname
2020,C8,油电/其他化石混合型,平均结构：Other Fossil 62.5%，水电12.3%，天然气8.8%，太阳能3.6%。属于油电占主导、但比C3稍多元的结构。,17,Cook Islands (the); Estonia; Faroe Islands (the); French Polynesia; Guadeloupe; Honduras; Kiribati; Liberia; Mauritania; Nicaragua; Niger (the); Papua New Guinea; Puerto Rico; Samoa; Syrian Arab Republic (the); Vanuatu; Yemen
2020,C9,高天然气垄断型,平均结构：天然气89.5%，其余来源占比较小。属于高度依赖天然气发电的国家。,24,Algeria; Azerbaijan; Bahrain; Bangladesh; Belarus; Benin; Brunei Darussalam; Egypt; Gibraltar; Iran (Islamic Republic of); Jordan; Libya; Malta; Moldova; Nigeria; Oman; Qatar; Singapore; Togo; Trinidad and Tobago; Tunisia; Turkmenistan; United Arab Emirates; Uzbekistan
2021,C1,核电主导型,平均结构：核电38.6%，煤电21.0%，天然气14.6%，可再生约22.4%。典型为法国、比利时、斯洛伐克等核电占比较高国家。,14,Belgium; Bulgaria; Czechia; Denmark; Finland; France; Germany; Hungary; Romania; Slovakia; Slovenia; South Korea; Spain; Ukraine
2021,C2,煤电主导型,平均结构：煤电67.0%，水电9.4%，天然气9.3%。典型为煤电为主的大型经济体或资源型经济体。,19,Australia; Bosnia Herzegovina; Botswana; China; India; Indonesia; Kazakhstan; Kosovo; Malaysia; Mauritius; Mongolia; Morocco; North Macedonia; Philippines (the); Poland; Serbia; South Africa; Taiwan; Viet Nam
2021,C3,油电/其他化石垄断型,平均结构：Other Fossil 96.4%，其余几乎可以忽略。多见于柴油/燃油发电占绝对主导的小型经济体或岛屿。,41,"American Samoa; Antigua and Barbuda; Aruba; Bahamas (the); Barbados; Bermuda; Burkina Faso; Cabo Verde; Cayman Islands (the); Chad; Comoros (the); Cuba; Cyprus; Dominica; Eritrea; Falkland Islands (the) [Malvinas]; Gambia (the); Grenada; Guam; Guinea-Bissau; Guyana; Haiti; Lebanon; Maldives; Montserrat; Nauru; Saint Helena, Ascension and Tristan da Cunha; Saint Kitts and Nevis; Saint Lucia; Saint Pierre and Miquelon; Saint Vincent and the Grenadines; Sao Tome and Principe; Seychelles; Solomon Islands; Somalia; South Sudan; Timor-Leste; Tonga; Turks and Caicos Islands (the); Virgin Islands (British); Virgin Islands (U.S.)"
2021,C4,水电主导多元型,平均结构：水电51.6%，天然气13.6%，煤电12.9%，可再生约64.7%。属于以水电为主、但仍保留部分火电的多元结构。,27,Austria; Belize; Brazil; Cambodia; Cameroon; Canada; Chile; Croatia; El Salvador; Eswatini; Gabon; Guatemala; Kenya; Korea (the Democratic People's Republic of); Latvia; Montenegro; Myanmar; Namibia; New Zealand; Panama; Peru; Rwanda; Sri Lanka; Sweden; Switzerland; Uruguay; Zimbabwe
2021,C5,天然气主导混合型,平均结构：天然气50.4%，水电14.7%，Other Fossil 12.7%，煤电10.5%。属于天然气主导但并非单一来源的混合型结构。,31,"Argentina; Armenia; Bolivia; Congo (the); Dominican Republic (the); Equatorial Guinea; Ghana; Greece; Hong Kong; Iraq; Ireland; Israel; Italy; Jamaica; Japan; Kuwait; Lithuania; Luxembourg; Macao; Mexico; Netherlands; Pakistan; Portugal; Russian Federation (the); Saudi Arabia; Tanzania, the United Republic of; Thailand; Togo; Turkey; United Kingdom; United States of America"
2021,C6,高水电垄断型,平均结构：水电89.0%，可再生约92.2%。属于几乎由水电支撑的高水电国家。,26,Afghanistan; Albania; Angola; Bhutan; Central African Republic (the); Colombia; Congo (the Democratic Republic of the); Costa Rica; Ecuador; Ethiopia; Georgia; Greenland; Iceland; Kyrgyzstan; Lao People's Democratic Republic (the); Lesotho; Malawi; Mozambique; Nepal; Norway; Paraguay; Sierra Leone; Tajikistan; Uganda; Venezuela (Bolivarian Republic of); Zambia
2021,C7,水电—油电双峰型,平均结构：水电50.1%，Other Fossil 41.8%。属于水电与油电并存、两类来源都较重要的双峰型结构。,8,Burundi; Fiji; French Guiana; Guinea; Honduras; Madagascar; Sudan (the); Suriname
2021,C8,油电/其他化石混合型,平均结构：Other Fossil 62.5%，水电12.3%，天然气8.8%，太阳能3.6%。属于油电占主导、但比C3稍多元的结构。,23,"Cook Islands (the); Djibouti; Estonia; Faroe Islands (the); French Polynesia; Guadeloupe; Kiribati; Liberia; Mali; Martinique; Mauritania; New Caledonia; Nicaragua; Niger (the); Palestine, State of; Papua New Guinea; Puerto Rico; Reunion; Samoa; Senegal; Syrian Arab Republic (the); Vanuatu; Yemen"
2021,C9,高天然气垄断型,平均结构：天然气89.5%，其余来源占比较小。属于高度依赖天然气发电的国家。,24,Algeria; Azerbaijan; Bahrain; Bangladesh; Belarus; Benin; Brunei Darussalam; Cote d'Ivoire; Egypt; Gibraltar; Iran (Islamic Republic of); Jordan; Libya; Malta; Moldova; Nigeria; Oman; Qatar; Singapore; Trinidad and Tobago; Tunisia; Turkmenistan; United Arab Emirates; Uzbekistan
2022,C1,核电主导型,平均结构：核电38.6%，煤电21.0%，天然气14.6%，可再生约22.4%。典型为法国、比利时、斯洛伐克等核电占比较高国家。,15,Belgium; Bulgaria; Czechia; Denmark; Finland; France; Germany; Hungary; Luxembourg; Romania; Slovakia; Slovenia; South Korea; Spain; Ukraine
2022,C2,煤电主导型,平均结构：煤电67.0%，水电9.4%，天然气9.3%。典型为煤电为主的大型经济体或资源型经济体。,16,Australia; Bosnia Herzegovina; Botswana; China; India; Indonesia; Kazakhstan; Kosovo; Mongolia; Morocco; North Macedonia; Philippines (the); Poland; Serbia; South Africa; Turkey
2022,C3,油电/其他化石垄断型,平均结构：Other Fossil 96.4%，其余几乎可以忽略。多见于柴油/燃油发电占绝对主导的小型经济体或岛屿。,38,"American Samoa; Antigua and Barbuda; Aruba; Bahamas (the); Barbados; Bermuda; Burkina Faso; Cayman Islands (the); Chad; Comoros (the); Cuba; Cyprus; Dominica; Eritrea; Falkland Islands (the) [Malvinas]; Gambia (the); Grenada; Guam; Guinea-Bissau; Guyana; Maldives; Montserrat; Nauru; Saint Helena, Ascension and Tristan da Cunha; Saint Kitts and Nevis; Saint Lucia; Saint Pierre and Miquelon; Saint Vincent and the Grenadines; Sao Tome and Principe; Seychelles; Solomon Islands; Somalia; South Sudan; Timor-Leste; Tonga; Turks and Caicos Islands (the); Virgin Islands (British); Virgin Islands (U.S.)"
2022,C4,水电主导多元型,平均结构：水电51.6%，天然气13.6%，煤电12.9%，可再生约64.7%。属于以水电为主、但仍保留部分火电的多元结构。,28,Austria; Belize; Brazil; Cambodia; Cameroon; Canada; Chile; Colombia; Croatia; El Salvador; Eswatini; Gabon; Guatemala; Kenya; Korea (the Democratic People's Republic of); Latvia; Montenegro; Namibia; New Zealand; Panama; Peru; Rwanda; Sri Lanka; Sweden; Switzerland; Uruguay; Viet Nam; Zimbabwe
2022,C5,天然气主导混合型,平均结构：天然气50.4%，水电14.7%，Other Fossil 12.7%，煤电10.5%。属于天然气主导但并非单一来源的混合型结构。,31,"Argentina; Armenia; Bangladesh; Bolivia; Dominican Republic (the); Equatorial Guinea; Ghana; Greece; Hong Kong; Iraq; Ireland; Israel; Italy; Jamaica; Japan; Kuwait; Lithuania; Macao; Malaysia; Mexico; Myanmar; Netherlands; Pakistan; Portugal; Russian Federation (the); Saudi Arabia; Taiwan; Tanzania, the United Republic of; Thailand; United Kingdom; United States of America"
2022,C6,高水电垄断型,平均结构：水电89.0%，可再生约92.2%。属于几乎由水电支撑的高水电国家。,26,Afghanistan; Albania; Angola; Bhutan; Central African Republic (the); Congo (the Democratic Republic of the); Costa Rica; Ecuador; Ethiopia; Georgia; Greenland; Guinea; Iceland; Kyrgyzstan; Lao People's Democratic Republic (the); Lesotho; Malawi; Mozambique; Nepal; Norway; Paraguay; Sierra Leone; Tajikistan; Uganda; Venezuela (Bolivarian Republic of); Zambia
2022,C7,水电—油电双峰型,平均结构：水电50.1%，Other Fossil 41.8%。属于水电与油电并存、两类来源都较重要的双峰型结构。,8,Burundi; Fiji; French Guiana; Honduras; Madagascar; Mali; Sudan (the); Suriname
2022,C8,油电/其他化石混合型,平均结构：Other Fossil 62.5%，水电12.3%，天然气8.8%，太阳能3.6%。属于油电占主导、但比C3稍多元的结构。,26,"Cabo Verde; Cook Islands (the); Djibouti; Estonia; Faroe Islands (the); French Polynesia; Guadeloupe; Haiti; Kiribati; Lebanon; Liberia; Martinique; Mauritania; Mauritius; New Caledonia; Nicaragua; Niger (the); Palestine, State of; Papua New Guinea; Puerto Rico; Reunion; Samoa; Senegal; Syrian Arab Republic (the); Vanuatu; Yemen"
2022,C9,高天然气垄断型,平均结构：天然气89.5%，其余来源占比较小。属于高度依赖天然气发电的国家。,25,Algeria; Azerbaijan; Bahrain; Belarus; Benin; Brunei Darussalam; Congo (the); Cote d'Ivoire; Egypt; Gibraltar; Iran (Islamic Republic of); Jordan; Libya; Malta; Moldova; Nigeria; Oman; Qatar; Singapore; Togo; Trinidad and Tobago; Tunisia; Turkmenistan; United Arab Emirates; Uzbekistan
2023,C1,核电主导型,平均结构：核电38.6%，煤电21.0%，天然气14.6%，可再生约22.4%。典型为法国、比利时、斯洛伐克等核电占比较高国家。,13,Belgium; Bulgaria; Czechia; Denmark; Finland; France; Germany; Hungary; Luxembourg; Slovakia; Slovenia; South Korea; Spain
2023,C2,煤电主导型,平均结构：煤电67.0%，水电9.4%，天然气9.3%。典型为煤电为主的大型经济体或资源型经济体。,19,Australia; Bosnia Herzegovina; Botswana; Cambodia; China; India; Indonesia; Kazakhstan; Kosovo; Malaysia; Mongolia; Morocco; North Macedonia; Philippines (the); Poland; Serbia; South Africa; Turkey; Viet Nam
2023,C3,油电/其他化石垄断型,平均结构：Other Fossil 96.4%，其余几乎可以忽略。多见于柴油/燃油发电占绝对主导的小型经济体或岛屿。,40,"American Samoa; Antigua and Barbuda; Aruba; Bahamas (the); Barbados; Bermuda; Burkina Faso; Cayman Islands (the); Chad; Comoros (the); Cuba; Cyprus; Dominica; Eritrea; Falkland Islands (the) [Malvinas]; Gambia (the); Grenada; Guam; Guinea-Bissau; Guyana; Maldives; Montserrat; Nauru; Saint Helena, Ascension and Tristan da Cunha; Saint Kitts and Nevis; Saint Lucia; Saint Pierre and Miquelon; Saint Vincent and the Grenadines; Sao Tome and Principe; Senegal; Seychelles; Solomon Islands; Somalia; South Sudan; Timor-Leste; Tonga; Turks and Caicos Islands (the); Virgin Islands (British); Virgin Islands (U.S.); Yemen"
2023,C4,水电主导多元型,平均结构：水电51.6%，天然气13.6%，煤电12.9%，可再生约64.7%。属于以水电为主、但仍保留部分火电的多元结构。,25,Austria; Belize; Brazil; Canada; Chile; Colombia; Croatia; El Salvador; Eswatini; Guatemala; Kenya; Korea (the Democratic People's Republic of); Latvia; Montenegro; New Zealand; Panama; Peru; Portugal; Romania; Rwanda; Sri Lanka; Sweden; Switzerland; Uruguay; Zimbabwe
2023,C5,天然气主导混合型,平均结构：天然气50.4%，水电14.7%，Other Fossil 12.7%，煤电10.5%。属于天然气主导但并非单一来源的混合型结构。,33,"Argentina; Armenia; Bangladesh; Belarus; Bolivia; Congo (the); Cote d'Ivoire; Dominican Republic (the); Gabon; Ghana; Greece; Hong Kong; Iraq; Ireland; Italy; Jamaica; Japan; Jordan; Kuwait; Lithuania; Macao; Mexico; Myanmar; Netherlands; Pakistan; Russian Federation (the); Saudi Arabia; Syrian Arab Republic (the); Taiwan; Tanzania, the United Republic of; Thailand; United Kingdom; United States of America"
2023,C6,高水电垄断型,平均结构：水电89.0%，可再生约92.2%。属于几乎由水电支撑的高水电国家。,29,Afghanistan; Albania; Angola; Bhutan; Burundi; Cameroon; Central African Republic (the); Congo (the Democratic Republic of the); Costa Rica; Ecuador; Ethiopia; Georgia; Greenland; Guinea; Iceland; Kyrgyzstan; Lao People's Democratic Republic (the); Malawi; Mozambique; Namibia; Nepal; Norway; Paraguay; Sierra Leone; Sudan (the); Tajikistan; Uganda; Venezuela (Bolivarian Republic of); Zambia
2023,C7,水电—油电双峰型,平均结构：水电50.1%，Other Fossil 41.8%。属于水电与油电并存、两类来源都较重要的双峰型结构。,6,Fiji; French Guiana; Honduras; Liberia; Madagascar; Suriname
2023,C8,油电/其他化石混合型,平均结构：Other Fossil 62.5%，水电12.3%，天然气8.8%，太阳能3.6%。属于油电占主导、但比C3稍多元的结构。,23,"Cabo Verde; Cook Islands (the); Djibouti; Estonia; Faroe Islands (the); French Polynesia; Guadeloupe; Haiti; Kiribati; Lebanon; Mali; Martinique; Mauritania; Mauritius; New Caledonia; Nicaragua; Niger (the); Palestine, State of; Papua New Guinea; Puerto Rico; Reunion; Samoa; Vanuatu"
2023,C9,高天然气垄断型,平均结构：天然气89.5%，其余来源占比较小。属于高度依赖天然气发电的国家。,23,Algeria; Azerbaijan; Bahrain; Benin; Brunei Darussalam; Egypt; Equatorial Guinea; Gibraltar; Iran (Islamic Republic of); Israel; Libya; Malta; Moldova; Nigeria; Oman; Qatar; Singapore; Togo; Trinidad and Tobago; Tunisia; Turkmenistan; United Arab Emirates; Uzbekistan
2024,C1,核电主导型,平均结构：核电38.6%，煤电21.0%，天然气14.6%，可再生约22.4%。典型为法国、比利时、斯洛伐克等核电占比较高国家。,14,Belgium; Bulgaria; Czechia; Denmark; Finland; France; Germany; Hungary; Luxembourg; Romania; Slovakia; Slovenia; South Korea; Spain
2024,C2,煤电主导型,平均结构：煤电67.0%，水电9.4%，天然气9.3%。典型为煤电为主的大型经济体或资源型经济体。,19,Australia; Bosnia Herzegovina; Botswana; Cambodia; China; India; Indonesia; Kazakhstan; Kosovo; Malaysia; Mongolia; Morocco; North Macedonia; Philippines (the); Poland; Serbia; South Africa; Turkey; Viet Nam
2024,C3,油电/其他化石垄断型,平均结构：Other Fossil 96.4%，其余几乎可以忽略。多见于柴油/燃油发电占绝对主导的小型经济体或岛屿。,33,American Samoa; Antigua and Barbuda; Aruba; Bahamas (the); Barbados; Bermuda; Burkina Faso; Cayman Islands (the); Chad; Cuba; Eritrea; Gambia (the); Grenada; Guam; Guinea-Bissau; Guyana; Haiti; Maldives; Mali; Montserrat; Nauru; Saint Kitts and Nevis; Saint Lucia; Saint Vincent and the Grenadines; Senegal; Seychelles; Solomon Islands; Somalia; South Sudan; Timor-Leste; Tonga; Turks and Caicos Islands (the); Yemen
2024,C4,水电主导多元型,平均结构：水电51.6%，天然气13.6%，煤电12.9%，可再生约64.7%。属于以水电为主、但仍保留部分火电的多元结构。,25,Austria; Belize; Brazil; Canada; Chile; Colombia; Croatia; El Salvador; Eswatini; Guatemala; Kenya; Korea (the Democratic People's Republic of); Latvia; Montenegro; Namibia; New Zealand; Panama; Peru; Portugal; Rwanda; Sri Lanka; Sweden; Switzerland; Uruguay; Zimbabwe
2024,C5,天然气主导混合型,平均结构：天然气50.4%，水电14.7%，Other Fossil 12.7%，煤电10.5%。属于天然气主导但并非单一来源的混合型结构。,32,"Argentina; Armenia; Bangladesh; Belarus; Bolivia; Cote d'Ivoire; Dominican Republic (the); Gabon; Ghana; Greece; Hong Kong; Iraq; Ireland; Italy; Jamaica; Japan; Jordan; Kuwait; Lithuania; Macao; Mexico; Myanmar; Netherlands; Pakistan; Russian Federation (the); Saudi Arabia; Syrian Arab Republic (the); Taiwan; Tanzania, the United Republic of; Thailand; United Kingdom; United States of America"
2024,C6,高水电垄断型,平均结构：水电89.0%，可再生约92.2%。属于几乎由水电支撑的高水电国家。,26,Afghanistan; Albania; Angola; Bhutan; Burundi; Cameroon; Congo (the Democratic Republic of the); Costa Rica; Ethiopia; Georgia; Greenland; Guinea; Iceland; Kyrgyzstan; Lao People's Democratic Republic (the); Malawi; Mozambique; Nepal; Norway; Paraguay; Sierra Leone; Sudan (the); Tajikistan; Uganda; Venezuela (Bolivarian Republic of); Zambia
2024,C7,水电—油电双峰型,平均结构：水电50.1%，Other Fossil 41.8%。属于水电与油电并存、两类来源都较重要的双峰型结构。,6,Ecuador; Fiji; Honduras; Liberia; Madagascar; Suriname
2024,C8,油电/其他化石混合型,平均结构：Other Fossil 62.5%，水电12.3%，天然气8.8%，太阳能3.6%。属于油电占主导、但比C3稍多元的结构。,17,"Cabo Verde; Cook Islands (the); Cyprus; Djibouti; Estonia; French Polynesia; Kiribati; Lebanon; Mauritania; Mauritius; New Caledonia; Nicaragua; Niger (the); Palestine, State of; Papua New Guinea; Puerto Rico; Samoa"
2024,C9,高天然气垄断型,平均结构：天然气89.5%，其余来源占比较小。属于高度依赖天然气发电的国家。,24,Algeria; Azerbaijan; Bahrain; Benin; Brunei Darussalam; Congo (the); Egypt; Equatorial Guinea; Gibraltar; Iran (Islamic Republic of); Israel; Libya; Malta; Moldova; Nigeria; Oman; Qatar; Singapore; Togo; Trinidad and Tobago; Tunisia; Turkmenistan; United Arab Emirates; Uzbekistan
